,domains,counts
0,"['mycofactocin', 'Mycofactocin_RRE']",6
1,"['actino_HemFlav', 'mycofact_rSAM', 'Mycofactocin_RRE', 'mycofactocin']",4
2,"['mycofact_creat', 'actino_HemFlav', 'mycofact_rSAM', 'Mycofactocin_RRE', 'mycofactocin', 'Pyr_redox_2', 'Reductase_C', 'SDR_subfam_1', 'EF-Tu', 'EF-G', 'rpsG_bact']",4
3,"['mycofact_creat', 'actino_HemFlav', 'mycofact_rSAM', 'Mycofactocin_RRE', 'mycofactocin']",4
4,"['SDR_subfam_1', 'actino_HemFlav', 'mycofact_rSAM', 'Mycofactocin_RRE', 'mycofactocin', 'DNA_alkylation', 'Pyr_redox_2', 'Reductase_C']",3
5,"['mycofact_rSAM', 'Mycofactocin_RRE', 'mycofactocin']",3
6,"['mycofactocin', 'Mycofactocin_RRE', 'mycofact_rSAM', 'actino_HemFlav', 'mycofact_creat', 'SDR_subfam_2', 'mycofact_glyco']",3
7,"['mycofact_creat', 'actino_HemFlav', 'mycofact_rSAM', 'Mycofactocin_RRE', 'mycofactocin', 'PhyH', 'Pyr_redox_2', 'Reductase_C', 'HTH_AsnC-type', 'MarR', 'Sigma70_r4']",2
8,"['mycofactocin', 'Mycofactocin_RRE', 'mycofact_rSAM', 'mycofact_creat', 'mycofact_glyco']",2
9,"['mycofact_creat', 'mycofact_rSAM', 'Mycofactocin_RRE', 'mycofactocin', 'AHSA1', 'DUF4190', 'Septum_form']",2
10,"['actino_HemFlav', 'mycofact_rSAM', 'Mycofactocin_RRE', 'mycofactocin', 'DNA_alkylation', 'Pyr_redox_2', 'Reductase_C']",2
11,"['mycofactocin', 'Mycofactocin_RRE', 'mycofact_rSAM', '2A0305', 'EutB', 'EutC']",2
12,"['SmpB', 'mycofactocin', 'Mycofactocin_RRE', 'mycofact_rSAM', 'actino_HemFlav', 'mycofact_creat', 'SDR_subfam_2', 'mycofact_glyco']",2
13,"['mycofact_OYE_1', 'actino_HemFlav', 'mycofact_rSAM', 'Mycofactocin_RRE', 'mycofactocin', 'glut_race', 'Pyr_redox_2', 'Reductase_C']",2
14,"['DNA_alkylation', 'mycofactocin', 'Mycofactocin_RRE', 'mycofact_rSAM', 'SDR_subfam_1', 'mycofact_creat', 'mycofact_glyco', 'GMC_mycofac_2', 'Rv1155_F420']",2
15,"['mycofactocin', 'Mycofactocin_RRE', 'mycofact_rSAM', 'Rv0697', 'TetR_N', 'TetR_C_11']",2
16,"['mycofact_creat', 'actino_HemFlav', 'mycofact_rSAM', 'Mycofactocin_RRE', 'mycofactocin', 'Response_reg', 'GerE', 'HisKA_3', 'Fe-ADH']",2
17,"['Mycofactocin_RRE', 'mycofact_rSAM', 'SDR_subfam_1', 'SDR_subfam_1', 'SDR_subfam_1', 'actino_HemFlav', 'mycofact_creat']",2
18,"['Rv0697', 'mycofact_glyco', 'mycofact_rSAM', 'Mycofactocin_RRE', 'mycofactocin', 'DNA_alkylation', 'glut_race', 'Pyr_redox_2', 'Reductase_C']",2
19,"['Rv0697', 'mycofact_glyco', 'mycofact_rSAM', 'Mycofactocin_RRE', 'mycofactocin', 'DNA_alkylation', 'glut_race', 'Pyr_redox_2']",2
20,"['mycofactocin', 'Mycofactocin_RRE', 'mycofact_rSAM', 'actino_HemFlav', 'mycofact_creat', 'mycofact_glyco']",2
21,"['mycofact_creat', 'actino_HemFlav', 'mycofact_rSAM', 'Mycofactocin_RRE', 'mycofactocin', 'Pyr_redox_2', 'Reductase_C', 'HTH_AsnC-type', 'MarR', 'Sigma70_r4']",2
22,"['mycofactocin', 'Mycofactocin_RRE', 'mycofact_rSAM', 'actino_HemFlav', 'mycofact_creat', 'mycofact_glyco', 'betA', 'phnR_burk', 'prpB', 'D-hydantoinase']",2
23,"['mycofact_creat', 'actino_HemFlav', 'mycofact_rSAM', 'Mycofactocin_RRE', 'mycofactocin', 'Pyr_redox_2', 'Reductase_C', 'HTH_AsnC-type', 'MarR', 'Sigma70_r4', 'HTH_Tnp_ISL3']",2
24,"['mycofactocin', 'Mycofactocin_RRE', 'mycofact_rSAM', 'mycofact_glyco', 'Rv0697', 'TetR_N', 'TetR_C_11']",2
25,"['mycofact_creat', 'actino_HemFlav', 'mycofact_rSAM', 'Mycofactocin_RRE', 'mycofactocin', 'Pyr_redox_2', 'HTH_AsnC-type', 'AsnC_trans_reg', 'SDR_subfam_1']",2
26,"['Pyr_redox_2', 'Reductase_C', 'mycofactocin', 'Mycofactocin_RRE', 'mycofact_rSAM', 'mycofact_creat', 'mycofact_glyco', 'Rv0697', 'TetR_N', 'TetR_C_11']",2
27,"['Pyr_redox_2', 'Reductase_C', 'mycofactocin', 'Mycofactocin_RRE', 'mycofact_rSAM', 'mycofact_creat', 'mycofact_glyco', 'Rv0697', 'TetR_N']",2
28,"['mycofactocin', 'Mycofactocin_RRE', 'mycofact_rSAM', 'mycofact_glyco', 'Rv0697', 'TetR_N', 'mycofact_TetR']",2
29,"['mycofactocin', 'Mycofactocin_RRE', 'mycofact_rSAM', 'mycofact_glyco', 'Rv0697', 'TetR_N']",2
30,"['SDR_subfam_2', 'mycofact_creat', 'mycofact_rSAM', 'Mycofactocin_RRE', 'mycofactocin', 'Response_reg', 'GerE', 'HisKA_3', 'Fe-ADH']",2
31,"['mycofact_creat', 'mycofact_rSAM', 'Mycofactocin_RRE', 'mycofactocin', 'Response_reg', 'GerE', 'HisKA_3', 'Fe-ADH']",2
32,"['mycofact_glyco', 'mycofact_creat', 'actino_HemFlav', 'mycofact_rSAM', 'Mycofactocin_RRE', 'mycofactocin', 'Pyr_redox_2', 'Reductase_C', 'HTH_AsnC-type', 'AsnC_trans_reg', 'MarR_2', 'HTH_Tnp_ISL3']",2
33,"['mycofact_glyco', 'TRX_reduct', 'mycofactocin', 'Mycofactocin_RRE']",2
34,"['mycofact_creat', 'actino_HemFlav', 'mycofact_rSAM', 'Mycofactocin_RRE', 'mycofactocin', 'Pyr_redox_2', 'Reductase_C', 'HTH_AsnC-type', 'MarR', 'Sigma70_r4', 'SDR_subfam_1', 'SHOCT', 'Phage_holin_3_6']",1
35,"['mycofact_creat', 'actino_HemFlav', 'mycofact_rSAM', 'Mycofactocin_RRE', 'mycofactocin', 'Pyr_redox_2', 'Reductase_C', 'AsnC_trans_reg', 'HTH_AsnC-type', 'HTH_Tnp_ISL3', 'SDR_subfam_1']",1
36,"['mycofact_creat', 'actino_HemFlav', 'mycofact_rSAM', 'Mycofactocin_RRE', 'mycofactocin', 'Pyr_redox_2', 'Reductase_C', 'HTH_24', 'HTH_AsnC-type', 'MarR', 'HTH_23']",1
37,"['mycofact_creat', 'actino_HemFlav', 'mycofact_rSAM', 'Mycofactocin_RRE', 'mycofactocin', 'Response_reg', 'GerE', 'HisKA_3', 'HSCB_C', 'Fe-ADH']",1
38,"['mycofact_creat', 'actino_HemFlav', 'mycofact_rSAM', 'Mycofactocin_RRE', 'mycofactocin', 'Pyr_redox_2', 'HTH_AsnC-type', 'MarR', 'Sigma70_r4']",1
39,"['mycofact_creat', 'actino_HemFlav', 'mycofact_rSAM', 'Mycofactocin_RRE', 'mycofactocin', 'Pyr_redox_2', 'Reductase_C', 'HTH_24', 'HTH_AsnC-type', 'MarR', 'Sigma70_r4', 'HTH_Tnp_ISL3', 'TrmB']",1
40,"['mycofact_creat', 'actino_HemFlav', 'mycofact_rSAM', 'Mycofactocin_RRE', 'mycofactocin', 'SnoaL_4', 'Lumazine_bd_2']",1
41,"['mycofact_creat', 'actino_HemFlav', 'mycofact_rSAM', 'Mycofactocin_RRE', 'mycofactocin', 'SpoIIE', 'PAS_4', 'HATPase_c_2', 'GAF_2', 'adh_short', 'SDR_subfam_1', 'Beta-lactamase', 'urea_trans_UrtE']",1
42,"['mycofact_creat', 'actino_HemFlav', 'mycofact_rSAM', 'Mycofactocin_RRE', 'mycofactocin', 'Response_reg', 'GerE', 'HisKA_3', 'HATPase_c_2', 'Fe-ADH']",1
43,"['mycofact_creat', 'actino_HemFlav', 'mycofact_rSAM', 'Mycofactocin_RRE', 'mycofactocin', 'Pyr_redox_2', 'Reductase_C', 'HTH_AsnC-type', 'AsnC_trans_reg', 'MarR']",1
44,"['mycofact_creat', 'actino_HemFlav', 'mycofact_rSAM', 'Mycofactocin_RRE', 'mycofactocin', 'Response_reg', 'GerE', 'HTH_38', 'HisKA_3', 'Fe-ADH']",1
45,"['mycofact_creat', 'actino_HemFlav', 'mycofact_rSAM', 'Mycofactocin_RRE', 'mycofactocin', 'Response_reg', 'GerE', 'HTH_28', 'HisKA_3', 'GAF_2', 'Fe-ADH', 'VWA_CoxE', 'DUF732', 'gas_vesic_GvpN', 'NDMA_methanol']",1
46,"['mycofact_creat', 'actino_HemFlav', 'mycofact_rSAM', 'Mycofactocin_RRE', 'mycofactocin', 'Pyr_redox_2', 'Reductase_C', 'TetR_N', 'TetR_C_6']",1
47,"['mycofact_creat', 'actino_HemFlav', 'mycofact_rSAM', 'Mycofactocin_RRE', 'mycofactocin', 'Pyr_redox_2', 'Reductase_C', 'SDR_subfam_1']",1
48,"['mycofact_creat', 'actino_HemFlav', 'mycofact_rSAM', 'Mycofactocin_RRE', 'mycofactocin', 'Pyr_redox_2', 'Reductase_C', 'SDR_subfam_1', 'SHOCT', 'cytochro_ccmI']",1
49,"['mycofact_creat', 'actino_HemFlav', 'mycofact_rSAM', 'Mycofactocin_RRE', 'mycofactocin', 'Pyr_redox_2', 'Reductase_C', 'SDR_subfam_1', 'SHOCT', 'DUF5826']",1
50,"['mycofact_creat', 'actino_HemFlav', 'mycofact_rSAM', 'Mycofactocin_RRE', 'mycofactocin', 'Pyr_redox_2', 'Reductase_C', 'HTH_AsnC-type', 'AsnC_trans_reg', 'MarR_2', 'HTH_Tnp_ISL3']",1
51,"['mycofact_creat', 'actino_HemFlav', 'mycofact_rSAM', 'Mycofactocin_RRE', 'mycofactocin', 'Pyr_redox_2', 'Reductase_C', 'HTH_AsnC-type', 'HTH_24', 'HTH_Tnp_ISL3', 'Sigma70_r4', 'SDR_subfam_1']",1
52,"['mycofact_creat', 'actino_HemFlav', 'mycofact_rSAM', 'Mycofactocin_RRE', 'mycofactocin', 'Pyr_redox_2', 'Reductase_C', 'SDR_subfam_1', 'EF-Tu', 'EF-G', 'GETHR']",1
53,"['mycofact_creat', 'actino_HemFlav', 'mycofact_rSAM', 'Mycofactocin_RRE', 'mycofactocin', 'TOMM_kin_cyc', 'pepN_strep_liv', 'CSD', 'Peptidase_M48', 'DUF4010']",1
54,"['mycofact_creat', 'actino_HemFlav', 'mycofact_rSAM', 'Mycofactocin_RRE', 'mycofactocin', 'Pyr_redox_2', 'Reductase_C', 'HTH_AsnC-type', 'MarR', 'TrmB', 'SDR_subfam_1']",1
55,"['mycofact_creat', 'actino_HemFlav', 'mycofact_rSAM', 'Mycofactocin_RRE', 'mycofactocin', 'Pyr_redox_2', 'Reductase_C', 'HTH_AsnC-type', 'MarR_2', 'HTH_20']",1
56,"['2A0115', '2A0109', 'BenE', 'mycofactocin', 'Mycofactocin_RRE', 'mycofact_rSAM', 'actino_HemFlav', 'DUF6319']",1
57,"['mycofact_creat', 'actino_HemFlav', 'mycofact_rSAM', 'Mycofactocin_RRE', 'mycofactocin', 'TetR_C_24', 'DUF6326', 'LMWPc', 'acr3']",1
58,"['mycofact_creat', 'mycofact_rSAM', 'mycofact_MftB', 'mycofactocin', 'PaaB1', 'ECH_2']",1
59,"['mycofact_creat', 'mycofact_rSAM', 'Mycofactocin_RRE', 'mycofactocin', 'DUF418']",1
60,"['mycofact_creat', 'mycofact_rSAM', 'Mycofactocin_RRE', 'mycofactocin', 'FAD_binding_3', 'AAA_5', 'gas_vesic_GvpN', 'MCM', 'BchI-ChlI', 'AAA_30']",1
61,"['mycofact_creat', 'mycofact_rSAM', 'Mycofactocin_RRE', 'mycofactocin', 'FAD_binding_3']",1
62,"['mycofact_creat', 'mycofact_rSAM', 'Mycofactocin_RRE', 'mycofactocin', 'Response_reg', 'GerE', 'HisKA_3', 'LD_lanti_pre', 'Fe-ADH']",1
63,"['mycofact_creat', 'mycofact_rSAM', 'Mycofactocin_RRE', 'mycofactocin', 'adh_short_C2', 'adh_short_C2']",1
64,"['mycofact_creat', 'mycofact_rSAM', 'Mycofactocin_RRE', 'mycofactocin']",1
65,"['mycofact_glyco', 'Methyltransf_23', 'PqqD_rel_X', 'Creatininase', 'actino_HemFlav', 'mycofact_rSAM', 'Mycofactocin_RRE', 'SDR_subfam_1', 'mycofactocin', 'Methyltransf_11', 'Methyltransf_23', 'VWA_CoxE', 'Ribosomal_S30AE', 'VWA_CoxE', 'TetR_C_11', 'NPV_P10', 'AAA_5', '26Sp45', 'NDMA_methanol', 'AbrB', 'Gneg_AbrB_dup']",1
66,"['mycofact_creat', 'actino_HemFlav', 'mycofact_rSAM', 'Mycofactocin_RRE', 'mycofactocin', 'betaine_BetI', 'GerE', 'HTH_10']",1
67,"['mycofact_glyco', 'SDR_subfam_2', 'actino_HemFlav', 'mycofact_rSAM', 'Mycofactocin_RRE', 'mycofactocin']",1
68,"['mycofact_glyco', 'SDR_subfam_2', 'mycofact_creat', 'Mycofactocin_RRE', 'mycofactocin', 'Methyltransf_23', 'P450_rel_GT_act', 'P450_cycloAA_1', 'asnS']",1
69,"['mycofact_glyco', 'SDR_subfam_2', 'mycofact_creat', 'mycofact_rSAM', 'Mycofactocin_RRE', 'mycofactocin', 'Acyl-CoA_dh_C', 'Acyl-CoA_dh_1', 'Acyl-CoA_dh_M', 'AcylCoA_DH_N', 'Acyl-CoA_dh_N', '4HBT', 'Pyr_redox_2', 'Reductase_C', 'Fer4_15', 'GerE', 'Response_reg', 'Amino_oxidase']",1
70,"['mycofact_glyco', 'SDR_subfam_2', 'mycofact_creat', 'mycofact_rSAM', 'Mycofactocin_RRE', 'mycofactocin', 'DUF5994']",1
71,"['mycofact_glyco', 'SDR_subfam_2', 'mycofact_creat', 'mycofact_rSAM', 'Mycofactocin_RRE', 'mycofactocin', 'NPR', 'Response_reg', 'GerE']",1
72,"['mycofact_glyco', 'SDR_subfam_2', 'mycofact_creat', 'mycofact_rSAM', 'pilus_cpaD', 'Mycofactocin_RRE', 'mycofactocin', 'Response_reg', 'GerE']",1
73,"['mycofact_creat', 'mycofact_rSAM', 'Mycofactocin_RRE', 'TRX_reduct', 'DUF418']",1
74,"['mycofact_creat', 'mycofact_rSAM', 'Mycofactocin_RRE', 'GerE', 'Response_reg', 'HTH_38', 'HisKA_3', 'HATPase_c_2', 'Fe-ADH']",1
75,"['mycofact_creat', 'mycofact_glyco', 'SDR_subfam_2', 'Mycofactocin_RRE', 'DeoRC', 'HTH_DeoR', '2A0114', 'pdxA', 'SBD_N', 'NBD_C']",1
76,"['mycofact_creat', 'mycofact_OYE_2', 'mycofact_rSAM', 'Mycofactocin_RRE', 'mycofactocin']",1
77,"['mycofact_creat', 'mycofact_OYE_2', 'mycofact_rSAM', 'Mycofactocin_RRE', 'mycofactocin', 'FMN_reduc_MsuE']",1
78,"['mycofact_creat', 'efflux_Bcr_CflA', 'mycofact_rSAM', 'Mycofactocin_RRE', 'mycofactocin', 'am_tr_V_VC1184', 'FAD_binding_3', 'Thi4']",1
79,"['mycofact_creat', 'actino_HemFlav', 'mycofact_rSAM', 'rSAM_BlsE', 'Mycofactocin_RRE', 'mycofactocin', 'Pyr_redox_2', 'Reductase_C', 'SDR_subfam_1', 'SHOCT', 'DUF4133', 'Phage_holin_2_3', 'EF-Tu', 'EF-G']",1
80,"['mycofact_creat', 'actino_HemFlav', 'mycofact_rSAM', 'mycofact_MftB', 'mycofactocin', 'F420_MSMEG_2249', 'FMO-like']",1
81,"['mycofact_creat', 'actino_HemFlav', 'mycofact_rSAM', 'SCM_rSAM_ScmE', 'Mycofactocin_RRE', 'mycofactocin', 'SDR_subfam_1', '3oxo_ACP_reduc', 'P450_cycloAA_1']",1
82,"['mycofact_creat', 'actino_HemFlav', 'mycofact_rSAM', 'Mycofactocin_RRE']",1
83,"['mycofact_creat', 'actino_HemFlav', 'mycofact_rSAM', 'Mycofactocin_RRE', 'mycofactocin', 'pgm', 'Trans_reg_C', 'ars_reduc_gluta', 'acr3']",1
84,"['mycofact_creat', 'actino_HemFlav', 'mycofact_rSAM', 'Mycofactocin_RRE', 'mycofactocin', 'p450']",1
85,"['mycofact_creat', 'actino_HemFlav', 'mycofact_rSAM', 'Mycofactocin_RRE', 'mycofactocin', 'mycofact_TetR', 'SCP2', 'Alkyl_sulf_C', 'ATP_bind_1', 'Ldl_recept_b', 'DUF742']",1
86,"['mycofact_creat', 'actino_HemFlav', 'mycofact_rSAM', 'Mycofactocin_RRE', 'mycofactocin', 'mycofact_TetR', 'MLTR_LBD', 'HTH_31', 'MmgE_PrpD_C', 'MmgE_PrpD', 'TIGR00147']",1
87,"['mycofact_creat', 'actino_HemFlav', 'mycofact_rSAM', 'Mycofactocin_RRE', 'mycofactocin', 'PucR', 'HTH_30']",1
88,"['mycofact_creat', 'actino_HemFlav', 'mycofact_rSAM', 'Mycofactocin_RRE', 'mycofactocin', 'mycofact_TetR', 'CycNucDiestase', 'TAT_signal_seq']",1
89,"['mycofact_creat', 'actino_HemFlav', 'mycofact_rSAM', 'Mycofactocin_RRE', 'mycofactocin', 'hmgA']",1
90,"['mycofact_creat', 'actino_HemFlav', 'mycofact_rSAM', 'Mycofactocin_RRE', 'mycofactocin', 'mycofact_TetR', 'MLTR_LBD', 'HTH_3', 'MmgE_PrpD_C', 'MmgE_PrpD', 'TIGR00147']",1
91,"['mycofact_creat', 'actino_HemFlav', 'mycofact_rSAM', 'Mycofactocin_RRE', 'mycofactocin', 'MTES_1575', 'AbiEi_1', 'Pyr_redox_2', 'Reductase_C', 'HTH_AsnC-type', 'MarR', 'Sigma70_r4', 'TrmB', 'HTH_Tnp_ISL3', 'Fe_dep_repress']",1
92,"['mycofact_creat', 'actino_HemFlav', 'mycofact_rSAM', 'Mycofactocin_RRE', 'mycofactocin', 'Peripla_BP_3', 'HTH_23', 'HTH_20', 'GntR']",1
93,"['efflux_EmrB', 'MFS_1', 'mycofact_OYE_2', 'mycofact_rSAM', 'Mycofactocin_RRE', 'mycofactocin']",1
94,"['greA', 'mycofactocin', 'Mycofactocin_RRE', 'mycofact_rSAM', 'SDR_subfam_2', 'mycofact_glyco', 'Methyltransf_19', 'FAD_binding_4']",1
95,"['greA', 'mycofactocin', 'Mycofactocin_RRE', 'mycofact_rSAM', 'mycofact_OYE_1', 'mycofact_OYE_2', 'ETF_alpha', 'ETF', 'GG-red-SF', 'ANTAR', 'Fer4_2', 'Fer4', 'mft_etfB', 'SDR_subfam_2']",1
96,"['greA', 'mycofactocin', 'Mycofactocin_RRE', 'mycofact_rSAM', 'mycofact_OYE_1', 'mycofact_OYE_2', 'ETF_alpha', 'ETF', 'GG-red-SF', 'Fer4_2', 'Fer4', 'mft_etfB', 'SDR_subfam_2']",1
97,"['greA', 'mycofactocin', 'Mycofactocin_RRE', 'mycofact_rSAM', 'mycofact_OYE_1', 'mycofact_OYE_2', 'SDR_subfam_2', 'mycofact_glyco', 'mycofact_creat', 'PaaX_trns_reg']",1
98,"['mft_etfB', 'actino_HemFlav', 'mycofact_rSAM', 'Mycofactocin_RRE', 'mycofactocin', 'Response_reg', 'GerE', 'HisKA_3', 'Fe-ADH']",1
99,"['mycofact_OYE_1', 'actino_HemFlav', 'mycofact_rSAM', 'Mycofactocin_RRE', 'mycofactocin', 'DNA_alkylation', 'glut_race']",1
100,"['mycofact_OYE_1', 'actino_HemFlav', 'mycofact_rSAM', 'Mycofactocin_RRE', 'mycofactocin', 'Flavodoxin_2', 'Response_reg', 'GerE', 'HisKA_3']",1
101,"['mycofact_OYE_1', 'actino_HemFlav', 'mycofact_rSAM', 'Mycofactocin_RRE', 'mycofactocin', 'GerE', 'Response_reg', 'HisKA_3', 'Fe-ADH', 'VWA_CoxE', 'AAA_5', 'AAA_30']",1
102,"['mycofact_OYE_1', 'actino_HemFlav', 'mycofact_rSAM', 'Mycofactocin_RRE', 'mycofactocin', 'Response_reg', 'GerE', 'HisKA_3', 'DUF2604', 'Fe-ADH']",1
103,"['mycofact_OYE_1', 'actino_HemFlav', 'mycofact_rSAM', 'Mycofactocin_RRE', 'mycofactocin', 'drrA', 'HxlR']",1
104,"['mycofact_OYE_1', 'actino_HemFlav', 'mycofact_rSAM', 'Mycofactocin_RRE', 'mycofactocin', 'drrA', 'Response_reg', 'GerE', 'HTH_24', 'HisKA_3', 'HATPase_c_2']",1
105,"['mycofact_OYE_1', 'actino_HemFlav', 'mycofact_rSAM', 'Mycofactocin_RRE', 'mycofactocin', 'glut_race', 'Pyr_redox_2']",1
106,"['mycofact_OYE_1', 'actino_HemFlav', 'mycofact_rSAM', 'Mycofactocin_RRE', 'mycofactocin', 'glut_race']",1
107,"['mycofact_OYE_1', 'mycofact_rSAM', 'Mycofactocin_RRE', 'mycofactocin', 'Aldo_ket_red', 'Response_reg', 'GerE', 'HisKA_3', 'GAF', 'HATPase_c', 'Fe-ADH', 'am_tr_V_VC1184']",1
108,"['mycofact_OYE_1', 'mycofact_rSAM', 'Mycofactocin_RRE', 'mycofactocin', 'Aldo_ket_red', 'am_tr_V_VC1184', 'FAD_binding_3']",1
109,"['efflux_EmrB', 'mycofact_rSAM', 'Mycofactocin_RRE', 'mycofactocin', 'am_tr_V_VC1184', 'FAD_binding_3']",1
110,"['efflux_EmrB', 'MFS_1', 'mycofact_OYE_2', 'mycofact_rSAM', 'Mycofactocin_RRE', 'mycofactocin', 'FMN_reduc_MsuE']",1
111,"['mycofact_creat', 'actino_HemFlav', 'mycofact_rSAM', 'Mycofactocin_RRE', 'mycofactocin', 'Peptidase_M14', 'CBM_6']",1
112,"['citE', 'mycofactocin', 'Mycofactocin_RRE', 'mycofact_rSAM', 'AcAcCoA_reduct', 'Acyl-CoA_dh_1', 'AidB_N', 'Acyl-CoA_dh_M', 'CoA_transf_3', '2A0106', 'ECH_1']",1
113,"['actino_HemFlav', 'mycofact_rSAM', 'Mycofactocin_RRE', 'mycofactocin', 'rve_3', 'HTH_32', 'HTH_21']",1
114,"['actino_HemFlav', 'mycofact_rSAM', 'Mycofactocin_RRE']",1
115,"['actino_HemFlav', 'mycofact_rSAM', 'mycofact_MftB', 'mycofactocin', 'DNA_alkylation', 'Pyr_redox_2']",1
116,"['actino_HemFlav', 'mycofact_rSAM', 'mycofact_rSAM', 'Mycofactocin_RRE', 'mycofactocin', 'NUDIX']",1
117,"['actino_HemFlav', 'mycofact_rSAM', 'quino_hemo_SAM', 'Mycofactocin_RRE', 'mycofactocin', 'F420_MSMEG_2906', 'NQR2_RnfD_RnfE', 'NAD_binding_1', 'ApbE']",1
118,"['adh_short', 'pter_reduc_Leis', 'mycofactocin', 'Mycofactocin_RRE', 'mycofact_rSAM', 'HTH_20', 'AHSA1', 'DUF899', 'Polbeta']",1
119,"['adh_short_C2', 'PA_CoA_Oxy5', 'mycofactocin', 'Mycofactocin_RRE', 'mycofact_rSAM', 'actino_HemFlav', 'mycofact_creat', 'Rv0697', 'AMP-binding', 'AMP-binding_C', 'TetR_C_31', 'HARE-HTH']",1
120,"['adh_short_C2', 'mycofactocin', 'Mycofactocin_RRE', 'mycofact_rSAM', 'actino_HemFlav', 'mycofact_creat', 'mycofact_glyco', 'Acyl-CoA_dh_2', 'sulfur_SfnB', 'Flavin_Reduct']",1
121,"['am_tr_V_VC1184', 'mycofactocin', 'Mycofactocin_RRE', 'SDR_subfam_1', 'SDR_subfam_1', 'efflux_Bcr_CflA', 'mycofact_creat', 'mycofact_glyco']",1
122,"['am_tr_V_VC1184', 'mycofactocin', 'Mycofactocin_RRE', 'SDR_subfam_1', 'efflux_Bcr_CflA', 'SnoaL', 'mycofact_creat', 'Isochorismatase', 'PqqA']",1
123,"['amidohydrolases', 'mycofactocin', 'Mycofactocin_RRE', 'mycofact_rSAM', 'G3P_acyltransf', 'adh_short_C2', 'Glyoxalase', 'AMP-binding', 'AMP-binding_C']",1
124,"['bacter_Hen1', 'mycofact_creat', 'mycofact_rSAM', 'Mycofactocin_RRE', 'mycofactocin']",1
125,"['bchO_mg_che_rel', 'YqeY', 'mycofactocin', 'Mycofactocin_RRE', 'mycofact_rSAM', 'actino_HemFlav', 'mycofact_creat', 'mycofact_glyco', 'Rv0697', 'TetR_N', 'TetR_C_11']",1
126,"['betA', 'mycofactocin', 'Mycofactocin_RRE', 'mycofact_rSAM', 'mycofact_OYE_1', 'mycofact_OYE_2', 'mycofact_creat', 'Phosphodiest', 'mycofact_glyco', '4hydroxCoAred', 'CO_dehy_Mo_lg']",1
127,"['caca2', 'LysR_substrate', 'HTH_5', 'Mycofactocin_RRE', 'Rxyl_3153']",1
128,"['mycofact_OYE_1', 'mycofact_rSAM', 'Mycofactocin_RRE', 'mycofactocin', 'Trypsin_2', 'TPR_16', 'DZR', 'TIGR00096']",1
129,"['mycofact_OYE_1', 'mycofact_rSAM', 'Mycofactocin_RRE', 'mycofactocin', 'am_tr_V_VC1184', 'FAD_binding_3', 'NAD_binding_8']",1
130,"['mycofact_OYE_2', 'Aldedh', 'Pro_dh', 'aldehy_Rv0768', 'mycofactocin', 'Mycofactocin_RRE', 'mycofact_rSAM', 'actino_HemFlav', 'mycofact_creat', 'mycofact_glyco', 'Rxyl_3153']",1
131,"['mycofact_OYE_2', 'mycofact_OYE_1', 'FAD_oxidored', 'mycofact_rSAM', 'Mycofactocin_RRE', 'mycofactocin', 'DUF418']",1
132,"['mycofact_creat', 'actino_HemFlav', 'mycofact_rSAM', 'Mycofactocin_RRE', 'mycofactocin', 'Aldo_ket_red', 'Pyr_redox_2', 'Reductase_C', 'SDR_subfam_1', 'SHOCT', 'DUF4133']",1
133,"['mycofact_creat', 'actino_HemFlav', 'mycofact_rSAM', 'Mycofactocin_RRE', 'mycofactocin', 'Amidohydro_3', 'CoA_transf_3']",1
134,"['mycofact_creat', 'actino_HemFlav', 'mycofact_rSAM', 'Mycofactocin_RRE', 'mycofactocin', 'DAPG_hydrolase', 'mycofact_TetR', 'DAP_DH_C', 'dapB']",1
135,"['mycofact_creat', 'actino_HemFlav', 'mycofact_rSAM', 'Mycofactocin_RRE', 'mycofactocin', 'DUF222', 'Pyr_redox_2', 'HTH_AsnC-type', 'AsnC_trans_reg', 'MarR', 'Sigma70_r4', 'HTH_11', 'SDR_subfam_1']",1
136,"['mycofact_creat', 'actino_HemFlav', 'mycofact_rSAM', 'Mycofactocin_RRE', 'mycofactocin', 'DUF222', 'Tcp10_C', 'Pyr_redox_2', 'SDR_subfam_1', 'SHOCT']",1
137,"['mycofact_creat', 'actino_HemFlav', 'mycofact_rSAM', 'Mycofactocin_RRE', 'mycofactocin', 'Dabb', 'SBP_bac_8', 'PhnU2', 'PhnU2', 'potA']",1
138,"['mycofact_creat', 'actino_HemFlav', 'mycofact_rSAM', 'Mycofactocin_RRE', 'mycofactocin', 'ECH_1']",1
139,"['mycofact_creat', 'actino_HemFlav', 'mycofact_rSAM', 'Mycofactocin_RRE', 'mycofactocin', 'F420_MSMEG_2249', 'Esterase_PHB', 'Hydrolase_4', 'selen_ocin', 'NAD_binding_8', 'Pyr_redox_3', 'MnmC_Cterm', 'lipoamide_DH']",1
140,"['mycofact_creat', 'actino_HemFlav', 'mycofact_rSAM', 'Mycofactocin_RRE', 'mycofactocin', 'Hemerythrin']",1
141,"['mycofact_creat', 'actino_HemFlav', 'mycofact_rSAM', 'Mycofactocin_RRE', 'mycofactocin', 'Hydrolase_4', 'Lactamase_B', 'mycoS_dep_FDH', 'PA_CoA_Oxy5', 'P450_cycloAA_1']",1
142,"['mycofact_creat', 'actino_HemFlav', 'mycofact_rSAM', 'Mycofactocin_RRE', 'mycofactocin', 'IclR', 'HTH_IclR']",1
143,"['mycofact_creat', 'actino_HemFlav', 'mycofact_rSAM', 'Mycofactocin_RRE', 'mycofactocin', 'MarR', 'padR_acidobact', 'GntR', 'AraC_binding_2', 'HTH_18']",1
144,"['mycofact_creat', 'actino_HemFlav', 'mycofact_rSAM', 'Mycofactocin_RRE', 'mycofactocin', 'PGDH', 'Pyr_redox_2', 'Reductase_C', 'SDR_subfam_1', 'SHOCT', 'DUF5826', 'PE']",1
145,"['mycofact_creat', 'actino_HemFlav', 'mycofact_rSAM', 'Mycofactocin_RRE', 'mycofactocin', 'PGDH', 'Pyr_redox_2', 'Reductase_C', 'SDR_subfam_1', 'SHOCT', 'S_4TM']",1
146,"['mycofact_creat', 'actino_HemFlav', 'mycofact_rSAM', 'Mycofactocin_RRE', 'mycofactocin', 'PGDH', 'SDR_subfam_1']",1
147,"['mycofact_creat', 'actino_HemFlav', 'mycofact_rSAM', 'Mycofactocin_RRE', 'mycofactocin', '3oxo_ACP_reduc', 'cyc_hxne_CoA_dh', 'CM_mono_cladeE']",1
148,"['mycofact_creat', 'actino_HemFlav', 'mycofact_rSAM', 'Mycofactocin_RRE', 'araD', 'Arabinose_Isome', 'Arabinose_Iso_C', 'L-ribulokinase', 'BPD_transp_2', 'xylG', 'Peripla_BP_4']",1
149,"['mycofact_creat', 'actino_HemFlav', 'mycofact_rSAM', 'Mycofactocin_RRE', 'Pyr_redox_3', 'EHN', 'Abhydrolase_1', 'protocat_pcaD', 'Aldedh', 'Pyr_redox_2', 'Reductase_C', 'Fer2', 'TF_pcaQ']",1
150,"['mycofact_OYE_2', 'mycofact_OYE_1', 'mycofact_rSAM', 'Mycofactocin_RRE', 'mycofactocin']",1
151,"['mycofact_OYE_2', 'mycofact_OYE_1', 'mycofact_rSAM', 'Mycofactocin_RRE', 'mycofactocin', 'FAD_binding_5', 'CO_deh_flav_C']",1
152,"['mycofact_OYE_2', 'mycofact_OYE_1', 'mycofact_rSAM', 'Mycofactocin_RRE', 'mycofactocin', 'Fer4_19', 'P450_cycloAA_1', 'SoxH_rel_PQQ_2', 'P450_rel_GT_act']",1
153,"['mycofact_OYE_2', 'mycofact_OYE_1', 'mycofact_rSAM', 'Mycofactocin_RRE', 'mycofactocin', 'Response_reg', 'GerE', 'HisKA_3', 'HATPase_c_2', 'Fe-ADH']",1
154,"['mycofact_OYE_2', 'mycofact_OYE_1', 'mycofact_rSAM', 'Mycofactocin_RRE', 'mycofactocin', 'SoxH_rel_PQQ_2', 'P450_rel_GT_act', 'CDF', 'PSD2']",1
155,"['mycofact_OYE_2', 'mycofact_OYE_1', 'mycofact_rSAM', 'Mycofactocin_RRE', 'mycofactocin', 'TetR_N', 'RutR', 'TetR_C_11', 'NUDIX', 'NYN_YacP', 'ROK', 'ArsA_ATPase', 'ArsA_HSP20']",1
156,"['mycofact_OYE_2', 'mycofact_OYE_1', 'mycofact_rSAM', 'Mycofactocin_RRE', 'mycofactocin', 'TetR_N', 'TetR_C_31', 'pro_imino_pep_2', 'KR', 'Thioesterase', 'PP-binding', 'Hydrolase_4', 'KR', 'PP-binding', 'RhaD_aldol-ADH', 'benzo_BadH']",1
157,"['mycofact_TetR', 'mycofactocin', 'Mycofactocin_RRE', 'mycofact_rSAM', 'NIR_SIR_ferr', 'actino_HemFlav', 'mycofact_creat', 'mycofact_glyco']",1
158,"['mycofact_creat', 'actino_HemFlav', 'mycofact_rSAM', 'Mycofactocin_RRE', 'Pyr_redox_2', 'Reductase_C', 'SDR_subfam_1']",1
159,"['mycofact_TetR', 'mycofactocin', 'Mycofactocin_RRE', 'mycofact_rSAM', 'actino_HemFlav', 'mycofact_creat', 'mycofact_glyco', 'BPD_transp_1']",1
160,"['mycofact_TetR', 'mycofactocin', 'Mycofactocin_RRE', 'mycofact_rSAM', 'rSAM_ahbC_deAc', 'actino_HemFlav', 'mycofact_creat', 'mycofact_glyco', 'Acyl-CoA_dh_2', 'sulfur_SfnB', 'Acyl-CoA_dh_1', 'Flavin_Reduct', 'DUF4386']",1
161,"['mycofact_creat', 'SDR_subfam_1', 'actino_HemFlav', 'mycofact_rSAM', 'Mycofactocin_RRE', 'mycofactocin', 'ABC2_membrane', 'drrC', 'drrA']",1
162,"['mycofact_creat', 'SDR_subfam_1', 'actino_HemFlav', 'mycofact_rSAM', 'Mycofactocin_RRE', 'mycofactocin', 'Beta-lactamase', 'Glyoxalase', 'DJC28_CD', 'Acetyltransf_10', 'ABC2_membrane', 'drrC']",1
163,"['mycofact_creat', 'SDR_subfam_1', 'mycofact_rSAM', 'Mycofactocin_RRE', 'mycofactocin', 'DNA_alkylation', 'Pyr_redox_2']",1
164,"['mycofact_creat', 'actino_HemFlav', 'mycofact_rSAM', 'Mycofactocin_RRE', 'DUF1269', 'SfLAP', 'SHOCT', 'DUF6325', 'Phage_holin_4_2']",1
165,"['mycofact_glyco', 'SDR_subfam_2', 'mycofact_rSAM', 'Mycofactocin_RRE', 'mycofactocin', 'adh_short_C2', 'GntR', 'HTH_5', 'TrmB', 'HTH_Crp_2', 'menE']",1
166,"['mycofact_glyco', 'mycofact_rSAM', 'Mycofactocin_RRE', 'FAD_oxidored', 'MFS_1', 'HpaX', 'glut_race', 'Pyr_redox_2']",1
167,"['mycofact_glyco', 'mycofact_creat', 'actino_HemFlav', 'mycofact_rSAM', 'Mycofactocin_RRE', 'mycofactocin', 'EF-Tu', 'EF-G']",1
168,"['mycofactocin', 'Mycofactocin_RRE', 'mycofact_rSAM', 'actino_HemFlav', 'mycofact_creat', 'mycofact_glyco', 'Rxyl_3153', 'Aldedh']",1
169,"['mycofactocin', 'Mycofactocin_RRE', 'mycofact_rSAM', 'actino_HemFlav', 'mycofact_creat', 'SDR_subfam_2', 'mycofact_glyco', 'PaaC-3OHAcCoADH', 'AcCoA-C-Actrans', 'cyc_hxne_CoA_dh']",1
170,"['mycofactocin', 'Mycofactocin_RRE', 'mycofact_rSAM', 'actino_HemFlav', 'mycofact_creat', 'SDR_subfam_2', 'mycofact_glyco', 'Rxyl_3153', 'AAA_5', 'Cob-chelat-sub', 'VWA_CoxE', 'DUF2201']",1
171,"['mycofactocin', 'Mycofactocin_RRE', 'mycofact_rSAM', 'actino_HemFlav', 'mycofact_creat', 'SDR_subfam_2', 'mycofact_glyco', 'Rxyl_3153']",1
172,"['mycofactocin', 'Mycofactocin_RRE', 'mycofact_rSAM', 'actino_HemFlav', 'mycofact_creat', 'SDR_subfam_2', 'mycofact_glyco', 'mycofact_TetR', 'Methyltransf_19']",1
173,"['mycofactocin', 'Mycofactocin_RRE', 'mycofact_rSAM', 'actino_HemFlav', 'mycofact_creat', 'mycofact_glyco', 'AA-adenyl-dom', 'Condensation', 'alpha_am_amid']",1
174,"['mycofactocin', 'Mycofactocin_RRE', 'mycofact_rSAM', 'actino_HemFlav', 'mycofact_creat', 'mycofact_glyco', 'Rv0697', 'TetR_N', 'TetR_C_11']",1
175,"['mycofactocin', 'Mycofactocin_RRE', 'mycofact_rSAM', 'actino_HemFlav', 'mycofact_creat', 'mycofact_glyco', 'Rv0697']",1
176,"['mycofactocin', 'Mycofactocin_RRE', 'mycofact_rSAM', 'actino_HemFlav', 'mycofact_glyco', 'mycofact_creat', 'Glyoxalase', 'Glyoxalase_6']",1
177,"['mycofact_glyco', 'mycofact_creat', 'actino_HemFlav', 'mycofact_rSAM', 'Mycofactocin_RRE', 'mycofactocin', 'HTH_3', 'HTH_26', 'Utp14', 'HTH_31', 'Pyr_redox_2', 'Reductase_C', 'SDR_subfam_1']",1
178,"['mycofactocin', 'Mycofactocin_RRE', 'mycofact_rSAM', 'actino_HemFlav']",1
179,"['mycofactocin', 'Mycofactocin_RRE', 'mycofact_rSAM', 'drrA', 'drrB', 'ABC2_membrane', 'mycofact_creat']",1
180,"['mycofactocin', 'Mycofactocin_RRE', 'mycofact_rSAM', 'efflux_EmrB', 'efflux_Bcr_CflA', 'mycofact_creat', 'Transp_cyt_pur']",1
181,"['mycofactocin', 'Mycofactocin_RRE', 'mycofact_rSAM', 'mycofact_OYE_1', 'SDR_subfam_1', 'SDR_subfam_1', 'SDR_subfam_1', 'SDR_subfam_1', 'gas_vesic_GvpN', 'Mg_chelatase', 'VWA_2', 'acidobact_VWFA']",1
182,"['mycofactocin', 'Mycofactocin_RRE', 'mycofact_rSAM', 'mycofact_OYE_1', 'mycofact_OYE_2', 'ETF_alpha', 'ETF', 'GG-red-SF', 'FeFe_hydrog_B1', 'mft_etfB', 'SDR_subfam_2']",1
183,"['mycofactocin', 'Mycofactocin_RRE', 'mycofact_rSAM', 'mycofact_OYE_1', 'mycofact_OYE_2', 'ETF_alpha', 'ETF', 'GG-red-SF', 'Fer4_2', 'Fer4', 'mft_etfB', 'SDR_subfam_2']",1
184,"['mycofactocin', 'Mycofactocin_RRE', 'mycofact_rSAM', 'mycofact_OYE_1', 'mycofact_OYE_2', 'ETF_alpha', 'ETF', 'GG-red-SF', 'Pyr_redox', 'Fer4_2', 'Fer4', 'mft_etfB', 'SDR_subfam_2']",1
185,"['mycofactocin', 'Mycofactocin_RRE', 'mycofact_rSAM', 'actino_HemFlav', 'mycofact_creat', 'SDR_subfam_2', 'mycofact_glyco', 'CoA_transf_3']",1
186,"['mycofactocin', 'Mycofactocin_RRE', 'mycofact_rSAM', 'actino_HemFlav', 'mycofact_creat', 'SDR_subfam_2', 'mycofact_glyco', 'Ac_CoA_lig_AcsA', 'adk']",1
187,"['mycofactocin', 'Mycofactocin_RRE', 'mycofact_rSAM', 'actino_HemFlav', 'mycofact_creat', 'SDR_subfam_2', 'mycofact_glyco', 'Ac_CoA_lig_AcsA', 'adh_short', 'adk']",1
188,"['mycofactocin', 'Mycofactocin_RRE', 'mycofact_rSAM', 'actino_HemFlav', 'mycofact_creat', 'SDR_subfam_2', 'DUF3040']",1
189,"['mycofactocin', 'Mycofactocin_RRE', 'mycofact_rSAM', 'actino_HemFlav', 'SnoaL_2', 'mycofact_OYE_2', 'mycofact_creat']",1
190,"['mycofactocin', 'Mycofactocin_RRE', 'mycofact_rSAM', 'actino_HemFlav', 'actino_HemFlav', 'WD40', 'AAA_16', 'DnaA_homol_Hda', 'PQQ_ABC_repeats', 'HTH_31', 'PD40', 'Nbas_N', 'Proteasome_A_N']",1
191,"['mycofactocin', 'Mycofactocin_RRE', 'mycofact_rSAM', 'actino_HemFlav', 'actino_HemFlav']",1
192,"['mycofactocin', 'Mycofactocin_RRE', 'mycofact_rSAM', 'actino_HemFlav', 'adh_short', 'Abhydrolase_3']",1
193,"['mycofactocin', 'Mycofactocin_RRE', 'mycofact_rSAM', 'actino_HemFlav', 'mycofact_OYE_1', 'SDR_subfam_1', 'mycofact_OYE_2', 'AHSA1', 'mycofact_creat', 'quinone_pig3']",1
194,"['mycofactocin', 'Mycofactocin_RRE', 'mycofact_rSAM', 'actino_HemFlav', 'mycofact_OYE_1', 'SDR_subfam_1', 'mycofact_OYE_2', 'ATP-grasp_4', '/NonD']",1
195,"['mycofactocin', 'Mycofactocin_RRE', 'mycofact_rSAM', 'actino_HemFlav', 'mycofact_OYE_1', 'SDR_subfam_1', 'mycofact_OYE_2', 'HpaR', 'mycofact_creat']",1
196,"['mycofactocin', 'Mycofactocin_RRE', 'mycofact_rSAM', 'actino_HemFlav', 'mycofact_OYE_1', 'SDR_subfam_1', 'mycofact_OYE_2', 'T7SS_ESX_EspC']",1
197,"['mycofactocin', 'Mycofactocin_RRE', 'mycofact_rSAM', 'actino_HemFlav', 'mycofact_OYE_1', 'SDR_subfam_1', 'mycofact_OYE_2', 'zf-CGNR', 'ABATE', 'AHSA1']",1
198,"['mycofactocin', 'Mycofactocin_RRE', 'mycofact_rSAM', 'actino_HemFlav', 'mycofact_OYE_1', 'mycofact_OYE_2', 'ABATE', 'AHSA1']",1
199,"['mycofactocin', 'Mycofactocin_RRE', 'mycofact_rSAM', 'actino_HemFlav', 'mycofact_OYE_1', 'mycofact_OYE_2', 'mycofact_creat', 'mycofact_glyco', 'Rv0697']",1
200,"['mycofactocin', 'Mycofactocin_RRE', 'mycofact_rSAM', 'actino_HemFlav', 'mycofact_OYE_1', 'mycofact_OYE_2', 'mycofact_creat', 'mycofact_glyco']",1
201,"['mycofactocin', 'Mycofactocin_RRE', 'mycofact_rSAM', 'actino_HemFlav', 'mycofact_creat', 'ECH_1', 'pimC_large', 'pimD_small']",1
202,"['mycofactocin', 'Mycofactocin_RRE', 'mycofact_rSAM', 'actino_HemFlav', 'mycofact_creat', 'FeFe_hydrog_B1', 'Fer4', 'P450_rel_GT_act', 'Fer4_13', 'Fer4_6', 'Fer4_2']",1
203,"['mycofactocin', 'Mycofactocin_RRE', 'mycofact_rSAM', 'actino_HemFlav', 'mycofact_creat', 'GerE', 'AAA_22', 'TPR_19', 'AAA_16', 'NB-ARC', 'TPR_2', 'HATPase_c_2', 'MFS_1', '4HBT_2']",1
204,"['mycofactocin', 'Mycofactocin_RRE', 'mycofact_rSAM', 'mycofact_OYE_1', 'mycofact_OYE_2', 'ETF_alpha', 'GG-red-SF', 'Fer4_2', 'Fer4', 'mft_etfB', 'SDR_subfam_2']",1
205,"['mycofactocin', 'Mycofactocin_RRE', 'mycofact_rSAM', 'mycofact_OYE_1', 'mycofact_OYE_2', 'ETF_alpha', 'GG-red-SF', 'Fer4_2', 'aprB', 'Fer4', 'zf-C2H2_11', 'mft_etfB', 'SDR_subfam_2']",1
206,"['mycofactocin', 'Mycofactocin_RRE', 'mycofact_rSAM', 'mycofact_OYE_1', 'mycofact_OYE_2', 'ETF_alpha', 'GG-red-SF', 'Fer4_7', 'Fer4', 'mft_etfB', 'SDR_subfam_2']",1
207,"['mycofactocin', 'Mycofactocin_RRE', 'mycofact_rSAM', 'mycofact_glyco', 'Rv0697', 'COesterase', 'SnoaL_2']",1
208,"['mycofactocin', 'Mycofactocin_RRE', 'mycofact_rSAM', 'mycofact_glyco', 'Rv0697', 'TetR_N', 'RutR']",1
209,"['mycofactocin', 'Mycofactocin_RRE', 'mycofact_rSAM', 'mycofact_glyco', 'Rv0697']",1
210,"['mycofactocin', 'Mycofactocin_RRE', 'mycofact_rSAM', 'mycofact_glyco', 'YkuD', 'PG_binding_4']",1
211,"['mycofactocin', 'Mycofactocin_RRE', 'mycofact_rSAM', 'mycofact_glyco']",1
212,"['mycofactocin', 'Mycofactocin_RRE', 'mycofact_rSAM', 'npdG', 'MtN3_slv', 'PGPGW']",1
213,"['mycofactocin', 'Mycofactocin_RRE', 'mycofact_rSAM', 'rSAM_QueE_gams', 'mycofact_OYE_1', 'mycofact_OYE_2', 'ETF_alpha', 'ETF', 'GG-red-SF', 'Pyr_redox', 'FeFe_hydrog_B1', 'mft_etfB', 'SDR_subfam_2']",1
214,"['mycofactocin', 'Mycofactocin_RRE', 'mycofact_rSAM']",1
215,"['mycofactocin', 'VIGSSK', 'Mycofactocin_RRE', 'mycofact_rSAM', 'actino_HemFlav']",1
216,"['mycofactocin', 'mycofact_MftB', 'mycofact_rSAM', 'actino_HemFlav', 'GAF', 'Aldedh', 'NDMA_methanol', 'AAA_5', 'fruc_bis_ald_']",1
217,"['mycofactocin', 'mycofact_glyco', 'TetR_N', 'TetR_C_11']",1
218,"['nitrile_beta', 'SHOCT', 'mycofactocin', 'Mycofactocin_RRE', 'mycofact_rSAM', 'mycofact_glyco', 'Rv0697', 'GABAperm', 'alk_sulf_monoox']",1
219,"['quinone_pig3', 'mycofactocin', 'Mycofactocin_RRE', 'mycofact_rSAM', 'actino_HemFlav', 'mycofact_creat', 'SDR_subfam_2', 'mycofact_glyco', 'Xan_ur_permease', 'MarR_2', 'MarR', 'MFS_3']",1
220,"['rluA_subfam', 'mycofactocin', 'Mycofactocin_RRE', 'mycofact_rSAM', 'mycofact_OYE_1', 'mycofact_OYE_2', 'ETF_alpha', 'ETF', 'GG-red-SF', 'FAD_binding_2', 'Trp_halogenase', 'Fer4_2', 'Fer4', 'zf-C2H2_11', 'mft_etfB', 'SDR_subfam_2']",1
221,"['tartro_sem_red', 'Hfq', 'mycofactocin', 'SDR_subfam_1', 'Mycofactocin_RRE', 'mycofact_rSAM', 'mycofact_OYE_2', 'mycofact_OYE_2', 'ETF_alpha', 'ETF', 'GG-red-SF', 'flavo_MJ0208', 'mft_etfB', 'mycofact_glyco']",1
222,"['trpS', 'DUF222', 'HNH', 'mycofactocin', 'Mycofactocin_RRE', 'mycofact_rSAM', 'actino_HemFlav', 'actino_HemFlav', 'WD40', 'ANAPC4_WD40', 'AAA_16', 'PD40', 'HTH_31']",1
223,"['mycofactocin', 'Mycofactocin_RRE', 'mycofact_rSAM', 'mycofact_glyco', 'Rv0697', 'TetR_N', 'RelB', 'COesterase']",1
224,"['mycofactocin', 'Mycofactocin_RRE', 'mycofact_rSAM', 'mycofact_glyco', 'GMC_mycofac_2', 'FCD']",1
225,"['mycofactocin', 'Mycofactocin_RRE', 'mycofact_rSAM', 'mycofact_OYE_1', 'mycofact_OYE_2', 'ETF_alpha', 'TPP_enzyme_M', 'GG-red-SF', 'DAO', 'FeFe_hydrog_B1', 'zf-C2H2_11', 'betaine_BetI']",1
226,"['mycofactocin', 'Mycofactocin_RRE', 'mycofact_rSAM', 'mycofact_creat']",1
227,"['mycofactocin', 'Mycofactocin_RRE', 'mycofact_rSAM', 'mycofact_OYE_1', 'mycofact_OYE_2', 'SDR_subfam_2', 'mycofact_glyco', 'mycofact_creat', 'Rxyl_3153', 'MoCoBD_2', 'MoCoBD_1', 'LAL_C2', 'Sigma70_r4_2']",1
228,"['mycofactocin', 'Mycofactocin_RRE', 'mycofact_rSAM', 'mycofact_OYE_1', 'mycofact_OYE_2', 'drrA', 'drrB', 'ABC2_membrane']",1
229,"['mycofactocin', 'Mycofactocin_RRE', 'mycofact_rSAM', 'mycofact_OYE_1', 'mycofact_OYE_2', 'fpg']",1
230,"['mycofactocin', 'Mycofactocin_RRE', 'mycofact_rSAM', 'mycofact_OYE_1', 'mycofact_OYE_2', 'mycofact_creat', '4hydroxCoAred']",1
231,"['mycofactocin', 'Mycofactocin_RRE', 'mycofact_rSAM', 'mycofact_OYE_2', 'ETF_alpha', 'GG-red-SF', 'Se_ygfK', 'FrhG', 'ETF', 'mycofact_glyco', 'AFOR_C', 'AFOR_N']",1
232,"['mycofactocin', 'Mycofactocin_RRE', 'mycofact_rSAM', 'mycofact_creat', 'SDR_subfam_2', 'mycofact_glyco', 'Lipase_GDSL_2', 'HTH_31', 'AHSA1', 'Trypsin']",1
233,"['mycofactocin', 'Mycofactocin_RRE', 'mycofact_rSAM', 'mycofact_creat', 'SDR_subfam_2', 'mycofact_glyco', 'actino_HemFlav', 'LmeA']",1
234,"['mycofactocin', 'Mycofactocin_RRE', 'mycofact_rSAM', 'mycofact_creat', 'SDR_subfam_2', 'mycofact_glyco', 'actino_HemFlav', 'TetR_N', 'LacI', 'HTH_23', 'TetR_C_11', 'Pyr_redox_3', 'NAD_binding_9', 'SDR_subfam_1']",1
235,"['mycofactocin', 'Mycofactocin_RRE', 'mycofact_rSAM', 'mycofact_creat', 'mycofact_glyco', 'CO_dehy_Mo_lg', 'FAD_binding_5', 'CO_deh_flav_C', 'COXG']",1
236,"['mycofactocin', 'Mycofactocin_RRE', 'mycofact_rSAM', 'mycofact_creat', 'mycofact_glyco', 'CutC', 'Peptidase_S66', 'DUF4031', 'Peptidase_S66C', 'DUF5073']",1
237,"['mycofactocin', 'Mycofactocin_RRE', 'mycofact_rSAM', 'mycofact_creat', 'mycofact_glyco', 'Rv0697', 'COesterase']",1
238,"['mycofactocin', 'Mycofactocin_RRE', 'mycofact_rSAM', 'mycofact_creat', 'mycofact_glyco', 'Rv0697', 'TetR_N', 'TetR_C_11']",1
239,"['mycofactocin', 'Mycofactocin_RRE', 'mycofact_rSAM', 'mycofact_creat', 'mycofact_glyco', 'Rv0697', 'TetR_N', 'TetR_C_16']",1
240,"['mycofactocin', 'Mycofactocin_RRE', 'mycofact_rSAM', 'mycofact_creat', 'mycofact_glyco', 'Rv0697', 'TetR_N', 'mycofact_TetR', 'DprA_WH']",1
241,"['mycofactocin', 'Mycofactocin_RRE', 'mycofact_rSAM', 'mycofact_creat', 'mycofact_glyco', 'Rv0697']",1
242,"['mycofactocin', 'Mycofactocin_RRE', 'mycofact_rSAM', 'actino_HemFlav', 'SDR_subfam_2', 'mycofact_glyco', 'mycofact_creat']",1
243,"['mycofactocin', 'Mycofactocin_RRE', 'mycofact_rSAM', 'actino_HemFlav', 'SDR_subfam_2', 'mycofact_glyco', 'mycofact_creat', 'P450_rel_GT_act']",1
244,"['mycofactocin', 'Mycofactocin_RRE', 'mycofact_rSAM', 'actino_HemFlav', 'SDR_subfam_2', 'mycofact_glyco', 'ccpA', 'Peripla_BP_4', 'TAT_signal_seq']",1
245,"['mycofact_rSAM', 'Mycofactocin_RRE', 'PGF-CTERM', 'mycofactocin', 'omega_3_PfaA', 'KR', 'PS-DH', 'PP-binding', 'Docking', 'omega_3_PfaA', 'PS-DH', 'fabD', 'malonate_mdcH', 'PP-binding', 'PT_fungal_PKS', 'Docking', 'menH_SHCHC', 'Thioester-redct', 'omega_3_PfaA', 'PS-DH', 'Ketoacyl-synt_C', 'PP-binding', 'Docking']",1
246,"['mycofact_rSAM', 'Mycofactocin_RRE', 'Pyr_redox_2', 'Reductase_C']",1
247,"['mycofact_rSAM', 'Mycofactocin_RRE', 'Response_reg', 'GerE', 'HisKA_3', 'Fe-ADH']",1
248,"['mycofact_rSAM', 'Mycofactocin_RRE', 'SBP_bac_8', 'PhnU2', 'TrbK_Ti', 'PhnU2', 'potA']",1
249,"['mycofact_rSAM', 'Mycofactocin_RRE', 'SGNH', 'RPE65', 'DUF397', 'Methyltransf_19']",1
250,"['mycofact_rSAM', 'Mycofactocin_RRE', 'aceE']",1
251,"['mycofact_rSAM', 'Mycofactocin_RRE', 'actino_HemFlav', 'mycofact_creat', 'SDR_subfam_2', 'Peripla_BP_4', 'xylG', 'ECF_ATPase_2']",1
252,"['mycofact_rSAM', 'Mycofactocin_RRE', 'mft_etfB', 'Fer4_6', 'GG-red-SF', 'COQ6', 'ETF_alpha', 'ETF', 'mycofact_OYE_2', 'mycofact_OYE_2', 'mycofactocin', 'Rxyl_3153']",1
253,"['mycofact_rSAM', 'Mycofactocin_RRE', 'mycofactocin', '2A0106']",1
254,"['mycofact_rSAM', 'Mycofactocin_RRE', 'mycofactocin', 'AAA_19', 'UvrD_C_2', 'SigE-fam_strep']",1
255,"['mycofact_rSAM', 'Mycofactocin_RRE', 'mycofactocin', 'Amidohydro_2']",1
256,"['mycofact_rSAM', 'Mycofactocin_RRE', 'mycofactocin', 'Amidohydro_3', 'CoA_transf_3', 'NAD_binding_2', 'NAD_binding_11']",1
257,"['mycofact_rSAM', 'Mycofactocin_RRE', 'mycofactocin', 'DcuC', 'CotJA']",1
258,"['mycofact_rSAM', 'Mycofactocin_RRE', 'mycofactocin', 'FAD_binding_3']",1
259,"['mycofact_rSAM', 'Mycofactocin_RRE', 'mycofactocin', 'Response_reg', 'GerE', 'HisKA_3']",1
260,"['mycofact_rSAM', 'Mycofactocin_RRE', 'mycofactocin', 'TIGR03083']",1
261,"['mycofact_rSAM', 'Mycofactocin_RRE', 'Peptidase_S9_N', 'Peptidase_S9', 'SAICAR_synt', 'MPAB_Lcp_cat']",1
262,"['mycofact_rSAM', 'Mycofactocin_RRE', 'NDMA_methanol']",1
263,"['mycofact_rSAM', 'Mycofactocin_RRE', 'mycofactocin', 'am_tr_V_VC1184', 'Aldo_ket_red']",1
264,"['mycofact_rSAM', 'Mycofactocin_RRE', 'Mo_ABC_porter', 'SBP_bac_11', 'Mop', 'TOBE', 'HTH_17']",1
265,"['mycofact_glyco', 'mycofact_creat', 'actino_HemFlav', 'mycofact_rSAM', 'Mycofactocin_RRE', 'mycofactocin', 'NDH_I_N', 'NDH_I_M', 'NDH_I_L', 'NDH_I_M', 'Proton_antipo_N', 'Oxidored_q2', 'Oxidored_q3']",1
266,"['mycofact_glyco', 'mycofact_creat', 'actino_HemFlav', 'mycofact_rSAM', 'rSAM_for_selen', 'Mycofactocin_RRE', 'mycofactocin', 'DUF3293', 'Chorismate_bind', 'GATase']",1
267,"['mycofact_glyco', 'mycofact_creat', 'mycofact_rSAM', 'Mycofactocin_RRE', 'mycofactocin']",1
268,"['mycofact_glyco', 'mycofact_rSAM', 'Mycofactocin_RRE', 'DNA_alkylation', 'glut_race', 'Pyr_redox_2', 'Reductase_C']",1
269,"['actino_HemFlav', 'mycofact_rSAM', 'Mycofactocin_RRE', 'mycofactocin', 'mycofact_TetR', 'argG', 'fdhA_non_GSH', 'LPG_synthase_TM']",1
270,"['mycofact_glyco', 'mycofact_rSAM', 'Mycofactocin_RRE', 'mycofactocin', 'DNA_alkylation', 'glut_race', 'Pyr_redox_2', 'Reductase_C']",1
271,"['mycofact_glyco', 'mycofact_rSAM', 'Mycofactocin_RRE', 'mycofactocin', 'FAD_binding_3']",1
272,"['mycofact_glyco', 'mycofact_rSAM', 'Mycofactocin_RRE', 'mycofactocin', 'PA-IIL', 'SoxR']",1
273,"['mycofact_glyco', 'mycofact_rSAM', 'Mycofactocin_RRE', 'mycofactocin', 'glut_race', 'Pyr_redox_2']",1
274,"['mycofact_rSAM', 'Mycofactocin_RRE', 'AA-adenyl-dom', 'AMP-binding', 'Condensation', 'alpha_am_amid', 'PP-binding', 'Thioesterase']",1
275,"['mycofact_rSAM', 'Mycofactocin_RRE', 'FAD_binding_3', 'Se_ygfK', 'AAA_5', 'MCM', 'AAA_30', 'MOSC']",1
276,"['mycofact_rSAM', 'Mycofactocin_RRE', 'Fe-ADH']",1
277,"['mycofact_rSAM', 'Mycofactocin_RRE', 'Glyoxalase', 'Glyoxalase_4']",1
278,"['mycofact_rSAM', 'Mycofactocin_RRE', 'Hc1', 'Glyoxalase']",1
279,"['mycofact_rSAM', 'Mycofactocin_RRE', 'HisKA_3', 'HATPase_c_2', 'Fe-ADH', 'PASTA']",1
280,"['mycofact_rSAM', 'Mycofactocin_RRE', 'mycofactocin', 'adh_short']",1
281,"['mycofact_rSAM', 'Mycofactocin_RRE', 'mycofactocin', 'cyt_deam_tetra']",1
282,"['mycofactocin', 'Mycofactocin_RRE', 'mycofact_rSAM', 'actino_HemFlav', 'SDR_subfam_2', 'mycofact_creat', 'Nterm_IS4', 'DDE_Tnp_1', 'DUF6374', 'mycofact_glyco', 'Apelin']",1
283,"['mycofactocin', 'Mycofactocin_RRE', 'mycofact_rSAM', 'Creatininase']",1
284,"['mycofactocin', 'Mycofactocin_RRE', 'mycofact_rSAM', 'Ferric_reduct', 'PA_CoA_Oxy5']",1
285,"['mycofactocin', 'Mycofactocin_RRE', 'mycofact_rSAM', 'G3P_acyltransf', 'adh_short_C2', 'AMP-binding', 'AMP-binding_C']",1
286,"['mycofactocin', 'Mycofactocin_RRE', 'mycofact_rSAM', 'SCM_rSAM_ScmE', 'actino_HemFlav', 'mycofact_creat', 'mycofact_glyco', 'GMC_mycofac_2', 'Rv1155_F420', 'adh_short', 'dhbA_paeA']",1
287,"['mycofactocin', 'Mycofactocin_RRE', 'mycofact_rSAM', 'SDR_subfam_1', 'SDR_subfam_1', 'SDR_subfam_1', 'AAA_5', 'TmoB', 'VWA_2', 'marine_srt_targ', 'DUF2201', 'actino_HemFlav', 'mycofact_creat']",1
288,"['mycofactocin', 'Mycofactocin_RRE', 'mycofact_rSAM', 'SDR_subfam_1', 'SDR_subfam_1', 'SDR_subfam_1', 'AAA_5', 'bpMoxR', 'ruvB', 'VWA_2', 'marine_srt_targ', 'actino_HemFlav', 'enACPred_II', 'Cellulase', 'CBM_2']",1
289,"['mycofactocin', 'Mycofactocin_RRE', 'mycofact_rSAM', 'SDR_subfam_1', 'SDR_subfam_1', 'SDR_subfam_1', 'SDR_subfam_1', 'AAA_5', 'MCM', 'Mg_chelatase', 'VWA_2', 'actino_HemFlav']",1
290,"['mycofactocin', 'Mycofactocin_RRE', 'mycofact_rSAM', 'SDR_subfam_1', 'SDR_subfam_1', 'SDR_subfam_1', 'SDR_subfam_1', 'AAA_5', 'VWA_2', 'marine_srt_targ', 'mycofact_creat']",1
291,"['mycofactocin', 'Mycofactocin_RRE', 'mycofact_rSAM', 'SDR_subfam_1', 'SDR_subfam_1', 'actino_HemFlav', 'adh_short_C2', 'CoA_trans']",1
292,"['mycofactocin', 'Mycofactocin_RRE', 'mycofact_rSAM', 'SDR_subfam_1', 'SDR_subfam_1', 'mycofact_OYE_2']",1
293,"['mycofactocin', 'Mycofactocin_RRE', 'mycofact_rSAM', 'SDR_subfam_1', 'TetR_N', 'TetR_C_33', 'mycofact_creat']",1
294,"['mycofactocin', 'Mycofactocin_RRE', 'mycofact_rSAM', 'SDR_subfam_1', 'mycofact_creat', 'NOT-MenG', 'mycofact_glyco', 'HTH_18', 'HTH_AraC']",1
295,"['mycofactocin', 'Mycofactocin_RRE', 'mycofact_rSAM', 'TetR_N', 'TetR_C_11']",1
296,"['mycofactocin', 'Mycofactocin_RRE', 'mycofact_rSAM', 'actino_HemFlav', 'Acetyltransf_1', 'RelA_SpoT', 'mycofact_creat', 'mycofact_glyco', 'Rv0697']",1
297,"['mycofactocin', 'Mycofactocin_RRE', 'mycofact_rSAM', 'actino_HemFlav', 'SDR_subfam_1', 'mycofact_creat', 'mycofact_glyco', 'GMC_mycofac_2']",1
298,"['mycofactocin', 'Mycofactocin_RRE', 'mycofact_rSAM', 'actino_HemFlav', 'SDR_subfam_1', 'mycofact_creat', 'mycofact_glyco', 'Rv0697']",1
299,"['mycofactocin', 'Mycofactocin_RRE', 'mycofact_rSAM', 'EAL', 'mycofact_creat', 'mycofact_glyco']",1
300,"['mycofactocin', 'Mycofactocin_RRE', 'mycofact_rSAM', 'Bac_luciferase', 'LLM_DMSO2_sfnG']",1
301,"['mycofact_rSAM', 'mycofact_MftB', 'mycofactocin', 'greA', 'cobS', 'CobN-Mg_chel']",1
302,"['mycofactocin', 'Mycofactocin_RRE', 'mycofact_glyco', 'Rv0697', 'TetR_N', 'COesterase']",1
303,"['mycofact_rSAM', 'mycofact_rSAM', 'mycofact_rSAM', 'Mycofactocin_RRE', 'SDR_subfam_1', 'mycofactocin', 'FeS_nifS']",1
304,"['mycofact_rSAM', 'rad_SAM_trio', 'actino_HemFlav', 'mycofact_creat', 'SDR_subfam_2', 'mycofact_glyco']",1
305,"['mycofactocin', 'DUF2080', 'Mycofactocin_RRE', 'mycofact_rSAM', 'PHA_synth_I', 'PHA_depoly_arom', 'Trans_reg_C', '3HCDH_RFF', 'Phenol_Hydrox', 'YHS']",1
306,"['mycofactocin', 'Mycofactocin_RRE', '3oxo_ACP_reduc', 'AMP-binding', 'AMP-binding_C', 'Acyl-CoA_dh_1', 'Acyl-CoA_dh_M', 'Acyl-CoA_dh_2', 'sulphoacet_xsc']",1
307,"['mycofactocin', 'Mycofactocin_RRE', 'EAL', 'GGDEF', 'DUF4131', 'mycofact_creat', 'Ribosomal_L31', 'Transp_cyt_pur']",1
308,"['mycofactocin', 'Mycofactocin_RRE', 'EAL', 'GGDEF', 'mycofact_creat', 'Isochorismatase', 'PqqA', 'mycofact_glyco']",1
309,"['mycofactocin', 'Mycofactocin_RRE', 'ECF_T_CbiQ']",1
310,"['mycofactocin', 'Mycofactocin_RRE', 'Transp_cyt_pur', 'Isochorismatase', 'mycofact_glyco']",1
311,"['mycofactocin', 'Mycofactocin_RRE', 'XdhC_C', 'XdhC_CoxI', 'mycofact_rSAM', 'actino_HemFlav', 'mycofact_creat', 'mycofact_glyco']",1
312,"['mycofactocin', 'Mycofactocin_RRE', 'YoeB_toxin']",1
313,"['mycofactocin', 'Mycofactocin_RRE', 'efflux_Bcr_CflA', 'mycofact_creat', 'Transp_cyt_pur', 'thia_cytX']",1
314,"['mycofactocin', 'Mycofactocin_RRE', 'mycofact_creat', 'Rxyl_3153', 'mycofact_glyco', 'ptsS_2']",1
315,"['mycofactocin', 'Mycofactocin_RRE', 'mycofact_creat', 'SDR_subfam_2']",1
316,"['mycofactocin', 'Mycofactocin_RRE', 'mycofact_creat', 'Transp_cyt_pur', 'thia_cytX', 'Isochorismatase', 'PqqA']",1
317,"['mycofactocin', 'Mycofactocin_RRE', 'mycofact_glyco', 'GMC_mycofac_2', 'phnR_burk']",1
318,"['actino_HemFlav', 'mycofact_rSAM', 'Mycofactocin_RRE', 'mycofactocin', 'mycofact_TetR']",1
319,"['actino_HemFlav', 'mycofact_rSAM', 'Mycofactocin_RRE', 'mycofactocin', 'Rv0697']",1
320,"['actino_HemFlav', 'mycofact_rSAM', 'Mycofactocin_RRE', 'mycofactocin', 'mycofact_TetR', 'TetR_N', 'betaine_BetI', 'leuA_yeast']",1
321,"['HxlR', 'HTH_20', 'mycofact_rSAM', 'Mycofactocin_RRE', 'mycofactocin', 'BKACE', 'Prenyltransf', 'TetR_N', 'TetR_C_6', 'cyc_hxne_CoA_dh', 'adh_short_C2']",1
322,"['HisKA_3', 'GAF_2', 'GAF_3', 'Response_reg', 'GerE', 'mycofactocin', 'Mycofactocin_RRE', 'mycofact_rSAM', 'actino_HemFlav', 'glycerol_kin', 'Transglut_core3', 'Stand_Alone_Lasso_RRE']",1
323,"['HisKA_3', 'GAF_2', 'Response_reg', 'GerE', 'mycofactocin', 'Mycofactocin_RRE', 'mycofact_rSAM', 'actino_HemFlav', 'TctC', 'TctB', 'TctA']",1
324,"['HisKA_3', 'GAF_2', 'Response_reg', 'GerE', 'mycofactocin', 'Mycofactocin_RRE', 'mycofact_rSAM', 'actino_HemFlav', 'mycofact_glyco', 'Rv0697']",1
325,"['HisKA_3', 'GerE', 'Response_reg', 'mycofactocin', 'Mycofactocin_RRE', 'mycofact_rSAM', 'actino_HemFlav', 'AMP-binding', 'AMP-binding_C', 'COesterase', 'Acetyltransf_1', 'MR_MLE_C', 'Enolase_like_N']",1
326,"['HisKA_3', 'HATPase_c_2', 'DUF1294', 'GerE', 'Response_reg', 'mycofactocin', 'Mycofactocin_RRE', 'mycofact_rSAM', 'actino_HemFlav', 'mycofact_creat', 'mycofact_glyco', 'Rv0697', 'DUF732']",1
327,"['HisKA_3', 'Response_reg', 'GerE', 'mycofactocin', 'Mycofactocin_RRE', 'mycofact_rSAM', 'SDR_subfam_1', 'mycofact_creat', 'mycofact_glyco', 'Rv0697', 'AMP-binding', 'AMP-binding_C', 'PEP_resp_reg', 'ntrC', 'HTH_30', 'HTH_28', 'HTH_20']",1
328,"['HisKA_3', 'Response_reg', 'GerE', 'mycofactocin', 'Mycofactocin_RRE', 'mycofact_rSAM']",1
329,"['Ldh_2', 'mycofactocin', 'Mycofactocin_RRE', 'mycofact_rSAM', 'actino_HemFlav', 'mycofact_creat', 'mycofact_glyco']",1
330,"['Mycofactocin_RRE', 'Cupin_6', 'HTH_18', 'DUF664']",1
331,"['LysR_substrate', 'HTH_5', 'DUF262', 'DUF1524', 'Mycofactocin_RRE', 'Rxyl_3153', 'PEP_resp_reg', 'propionate_PrpR', 'HTH_30', 'HTH_50', 'AAA_22', 'DUF1989', 'Fructosamin_kin']",1
332,"['MHB', 'mycofactocin', 'Mycofactocin_RRE', 'mycofact_rSAM', 'actino_HemFlav', 'Rxyl_3153']",1
333,"['MaoC_dehydrat_N', 'actino_HemFlav', 'mycofact_rSAM', 'Mycofactocin_RRE', 'mycofactocin', 'DNA_alkylation', 'Pyr_redox_2', 'Reductase_C']",1
334,"['Metal_hydrol', 'PA_CoA_Oxy5', 'mycofactocin', 'Mycofactocin_RRE', 'mycofact_rSAM', 'mycofact_OYE_1', 'mycofact_OYE_2', 'ETF_alpha', 'ETF', 'GG-red-SF', 'GMC_oxred_N', 'Fer4_9', 'Fer4', 'RLI', 'mft_etfB', 'mycofact_creat']",1
335,"['Methyltransf_2', 'Dimerisation2', 'mycofact_TetR', 'mycofactocin', 'Mycofactocin_RRE', 'mycofact_rSAM', 'actino_HemFlav', 'mycofact_creat']",1
336,"['Methyltransf_23', 'DUF35_N', 'mycofact_TetR', 'mycofactocin', 'Mycofactocin_RRE', 'mycofact_rSAM', 'actino_HemFlav', 'mycofact_creat', 'mycofact_glyco', 'Acyl-CoA_dh_2', 'sulfur_SfnB', 'Acyl-CoA_dh_1', 'Flavin_Reduct']",1
337,"['Methyltransf_3', 'mycofact_rSAM', 'Mycofactocin_RRE', 'mycofactocin', 'AMP-binding', 'AMP-binding_C', 'HTH_18', 'DUF6597', 'ac_ac_CoA_syn']",1
338,"['HisKA_3', 'GAF_2', 'GAF_3', 'GerE', 'Response_reg', 'mycofactocin', 'Mycofactocin_RRE', 'mycofact_rSAM', 'actino_HemFlav', 'glycerol_kin']",1
339,"['HisKA_3', 'DUF2604', 'Response_reg', 'GerE', 'mycofactocin', 'Mycofactocin_RRE']",1
340,"['HbpS-like', 'mycofactocin', 'Mycofactocin_RRE', 'mycofact_rSAM', 'actino_HemFlav', 'mycofact_creat', 'SDR_subfam_2', 'mycofact_glyco', 'DUF11', 'AAA_16', 'GerE', 'HTH_47', 'HTH_23', 'TPR_19']",1
341,"['HTH_8', 'ntrC', 'mycofactocin', 'Mycofactocin_RRE', 'mycofact_rSAM', 'mycofact_creat', 'SDR_subfam_2', 'mycofact_glyco', 'mycofact_glyco']",1
342,"['GG-red-SF', 'ETF_alpha', 'ETF', 'mycofact_OYE_2', 'mycofact_rSAM', 'Mycofactocin_RRE', 'mycofactocin', 'Fe-ADH', 'phoR_proteo', 'sensory_box', 'VWA_CoxE', 'AAA', 'cmk', 'adk', 'Fe-ADH', 'SCM_rSAM_ScmF', 'rSAM_Geo_metal']",1
343,"['GG-red-SF', 'ETF_alpha', 'ETF', 'mycofact_OYE_2', 'mycofact_rSAM', 'Mycofactocin_RRE', 'mycofactocin', 'PEP_his_kin', 'PAS_4', 'HisKA', 'DivIC', 'VWA_CoxE', 'AAA', '26Sp45', 'adk', 'Fe-ADH', 'ntrC']",1
344,"['GG-red-SF', 'ETF_alpha', 'ETF', 'mycofact_OYE_2', 'mycofact_rSAM', 'Mycofactocin_RRE', 'mycofactocin', 'YoeB_toxin', 'PhdYeFM_antitox', 'EamA', 'phoR_proteo', 'sensory_box', 'DivIC']",1
345,"['GG-red-SF', 'ETF_alpha', 'mycofact_OYE_2', 'mycofact_rSAM', 'Mycofactocin_RRE', 'mycofactocin', 'HD', 'sCache_3_2', 'hemeryth_dom', 'HD', 'Phn-HD', 'phoR_proteo', 'sensory_box', 'DivIC', 'VWA_CoxE']",1
346,"['GG-red-SF', 'ETF_alpha', 'mycofact_OYE_2', 'mycofact_rSAM', 'Mycofactocin_RRE', 'mycofactocin', 'phoR_proteo', 'sensory_box', 'Pyr_redox_3', 'NAD_binding_8', 'sms', 'Redoxin']",1
347,"['GG-red-SF', 'Se_ygfK', 'ETF_alpha', 'mycofact_OYE_2', 'mycofact_rSAM', 'Mycofactocin_RRE', 'mycofactocin', 'phoR_proteo', 'Response_reg', 'Fe-ADH', 'Paired_CXXCH_1', 'Isochorismatase', 'sCache_3_3', 'sCache_3_2', 'HAMP']",1
348,"['GGDEF', 'Meth_synt_2', 'mycofactocin', 'Mycofactocin_RRE', 'mycofact_rSAM', 'mycofact_OYE_1', 'SDR_subfam_1', 'SDR_subfam_1', 'AAA_5', 'MCM', 'VWA_2', 'marine_srt_targ', 'mycofact_OYE_2', 'ETF_alpha']",1
349,"['GerE', 'Response_reg', 'mycofactocin', 'Mycofactocin_RRE', 'mycofact_rSAM', 'actino_HemFlav', 'actino_HemFlav', 'mycofact_creat']",1
350,"['GerE', 'Response_reg', 'mycofactocin', 'Mycofactocin_RRE', 'mycofact_rSAM', 'actino_HemFlav', 'mycofact_OYE_1', 'mycofact_OYE_2', 'mycofact_creat', 'mycofact_glyco']",1
351,"['Glyco_hydro_92', 'Glyco_hydro_92N', 'F5_F8_type_C', 'TraW_N', 'mycofactocin', 'Mycofactocin_RRE', 'mycofact_rSAM', 'mycofact_creat', 'SDR_subfam_2', 'mycofact_glyco', 'glyco_like_mftF', 'TTC']",1
352,"['Glyoxalase', 'Mycofactocin_RRE', 'Ribonuc_L-PSP']",1
353,"['HAD', 'mycofact_rSAM', 'Mycofactocin_RRE', 'AAA_5', 'CbbQ_C', 'VWA', 'TetR_N', 'RutR']",1
354,"['HNH_5', 'zf-RVT', 'glycerol3P_GlpA', 'mycofactocin', 'Mycofactocin_RRE', 'mycofact_rSAM', 'mycofact_glyco']",1
355,"['HTH_20', 'Sigma70_r4_2', 'mycofact_creat', 'mycofact_rSAM', 'Mycofactocin_RRE', 'mycofactocin', 'DUF2306', 'YvrJ', 'TetR_N', 'FAD_binding_3', 'Ubi-OHases', 'mycofact_TetR']",1
356,"['HTH_30', 'HTH_38', 'mycofactocin', 'Mycofactocin_RRE', 'mycofact_rSAM', 'actino_HemFlav', 'SDR_subfam_2', 'mycofact_glyco', 'mycofact_creat', 'Laminin_II']",1
357,"['Mycofactocin_RRE', 'CNNM', 'CBS', 'CNNM', 'CorC_HlyC', 'CBS', 'DUF6416']",1
358,"['Mycofactocin_RRE', 'DUF6223', 'Glycolytic']",1
359,"['actino_HemFlav', 'mycofact_rSAM', 'Mycofactocin_RRE', 'mycofactocin', 'mycofact_TetR', 'MLTR_LBD', 'HTH_3', 'MmgE_PrpD_C', 'MmgE_PrpD', 'TIGR00147']",1
360,"['Mycofactocin_RRE', 'mycofactocin']",1
361,"['Mycofactocin_RRE', 'mycofact_rSAM', 'mycofact_creat', 'SDR_subfam_2', 'actino_HemFlav']",1
362,"['Mycofactocin_RRE', 'mycofact_rSAM', 'mycofact_creat', 'actino_HemFlav', 'acyl_WS_DGAT']",1
363,"['Mycofactocin_RRE', 'mycofact_rSAM', 'mycofact_glyco', 'GMC_mycofac_2', 'phnR_burk']",1
364,"['Mycofactocin_RRE', 'mycofact_rSAM', 'mycofact_glyco', 'Rv0697', 'TetR_N', 'TetR_C_11']",1
365,"['Mycofactocin_RRE', 'mycofact_rSAM']",1
366,"['Mycofactocin_RRE', 'mycofactocin', 'adh_short']",1
367,"['Mycofactocin_RRE', 'mycofactocin', 'cyc_hxne_CoA_dh', 'tdh', 'Cyclase']",1
368,"['N6_N4_Mtase', 'KCNQ2_u3', 'mycofactocin', 'SDR_subfam_1', 'Mycofactocin_RRE', 'mycofact_rSAM', 'Rxyl_3153', 'AAA_5', 'VWA_CoxE', 'AAA_16', 'actino_HemFlav', 'Creatininase', 'mycofact_glyco', 'Methyltransf_23', '2a6301s01', 'MnhB']",1
369,"['Mycofactocin_RRE', 'FAD_oxidored', 'pcaR_pcaU']",1
370,"['NAD_binding_10', 'mycofact_rSAM', 'Mycofactocin_RRE', 'Abhydrolase_3', 'DUF397', 'Methyltransf_19', 'DUF5753', 'HTH_3']",1
371,"['NDMA_methanol', 'mycofact_glyco', 'mycofact_rSAM', 'Mycofactocin_RRE', 'mft_etfB', 'Fer4_9', 'GG-red-SF', 'ETF_alpha', 'ETF', 'mycofact_OYE_2', 'mycofact_OYE_2', 'mycofactocin', 'Big_5', 'DUF2680', 'DUF5666']",1
372,"['NUDIX', 'HTH_42', 'mycofactocin', 'Mycofactocin_RRE', 'mycofact_rSAM', 'actino_HemFlav', 'mycofact_creat', 'mycofact_glyco', 'GMC_mycofac_2', 'NDMA_methanol', 'AAA_5', 'RuvB_N', 'VWA_CoxE', 'SBP_bac_11']",1
373,"['Ni_insertion', 'AIRC', 'purE', 'TIGR00268', 'mycofact_rSAM', 'Mycofactocin_RRE', 'mycofactocin', 'SDR_subfam_1', 'ParA', 'OrfB_Zn_ribbon', 'DUF362', 'DUF362', 'aprB']",1
374,"['OpuAC', 'mycofactocin', 'Mycofactocin_RRE', 'mycofact_rSAM', 'Rxyl_3153', 'actino_HemFlav', 'mycofact_creat', 'mycofact_glyco', 'DUF429']",1
375,"['OsmC', 'mycofact_glyco', 'mycofact_rSAM', 'Mycofactocin_RRE', 'mycofactocin', 'Clp_N']",1
376,"['PA_CoA_Oxy5', 'mycofactocin', 'Mycofactocin_RRE', 'mycofact_rSAM', 'actino_HemFlav', 'IMP_dehydrog', 'mycofact_OYE_1', 'SDR_subfam_1', 'mycofact_OYE_2', 'mycofact_creat', 'mycofact_glyco', 'Rv0697']",1
377,"['Mycofactocin_RRE', 'mycofact_rSAM', 'mycofact_creat', 'SDR_subfam_2', 'actino_HemFlav', 'Methyltransf_25', 'MenG_heptapren']",1
378,"['Mycofactocin_RRE', 'mycofact_rSAM', 'mycofact_OYE_1', 'mycofact_OYE_2', 'mycofact_glyco', 'MOSC', '3-alpha']",1
379,"['Mycofactocin_RRE', 'mycofact_rSAM', 'drrB', 'Cm_res_leader', 'mycofact_creat']",1
380,"['Mycofactocin_RRE', 'mycofact_rSAM', 'actino_HemFlav', 'mycofact_glyco', 'GMC_mycofac_2']",1
381,"['Mycofactocin_RRE', 'NmrA', 'DUF5996']",1
382,"['Mycofactocin_RRE', 'RraA-like', 'Methyltransf_11', 'Methyltransf_12']",1
383,"['Mycofactocin_RRE', 'S4_2']",1
384,"['Mycofactocin_RRE', 'SDR_subfam_1', 'GG-red-SF', 'UDP-GALP_mutase', 'ETF_alpha', 'DUF5559', 'mycofact_OYE_2']",1
385,"['Mycofactocin_RRE', 'Transp_cyt_pur']",1
386,"['Mycofactocin_RRE', 'Usp', 'Usp', 'DUF2478']",1
387,"['Mycofactocin_RRE', 'mycofact_rSAM', 'DUF6059', 'mycofact_OYE_2', 'efflux_EmrB', '2_A_01_02', '4hydroxCoAred', 'CO_dehy_Mo_lg']",1
388,"['Mycofactocin_RRE', 'mycofact_rSAM', 'PDGLE', 'ECF_T_CbiQ']",1
389,"['Mycofactocin_RRE', 'mycofact_rSAM', 'SDR_subfam_1', 'SDR_subfam_1', 'AAA_5', 'MCM', 'VWA_2', 'marine_srt_targ', 'CobT_C', 'actino_HemFlav', 'mycofact_creat', 'mycofact_glyco']",1
390,"['Mycofactocin_RRE', 'mycofact_rSAM', 'SDR_subfam_1', 'SDR_subfam_1', 'SDR_subfam_1', 'SDR_subfam_1', 'VWA_2', 'Cob-chelat-sub', 'marine_srt_targ', 'actino_HemFlav']",1
391,"['Mycofactocin_RRE', 'mycofact_rSAM', 'actino_HemFlav', 'WD40', 'ANAPC4_WD40', 'AAA_16', 'PD40', 'PQQ_ABC_repeats', 'DUF6476']",1
392,"['Mycofactocin_RRE', 'mycofact_rSAM', 'actino_HemFlav', 'mycofact_creat', 'SDR_subfam_2', 'AAA_5', 'AAA', 'VWA_CoxE']",1
393,"['Mycofactocin_RRE', 'mycofact_rSAM', 'actino_HemFlav', 'mycofact_creat', 'SDR_subfam_2', 'mycofact_glyco']",1
394,"['Mycofactocin_RRE', 'mycofact_rSAM', 'actino_HemFlav', 'mycofact_creat', 'SDR_subfam_2', 'npdG', 'PQ-loop', 'MtN3_slv', 'SPC12']",1
395,"['Mycofactocin_RRE', 'mycofact_rSAM', 'actino_HemFlav', 'mycofact_creat', 'mycofact_glyco', 'AAA_5', 'RuvB_N', 'LonB_AAA-LID', 'VWA_CoxE', 'Abhydrolase_8']",1
396,"['GAF', 'Rv0697', 'mycofact_glyco', 'mycofact_rSAM', 'Mycofactocin_RRE', 'mycofactocin', 'DNA_alkylation', 'glut_race', 'Pyr_redox_2']",1
397,"['GAF', 'GAF_2', 'PaaX', 'Rv0697', 'mycofact_glyco', 'mycofact_rSAM', 'Mycofactocin_RRE', 'mycofactocin', 'DNA_alkylation', 'glut_race', 'Pyr_redox_2']",1
398,"['G3P_acyltransf', 'mycofact_rSAM', 'Mycofactocin_RRE', 'drrA', 'adh_short_C2', 'RHH_1']",1
399,"['DDE_Tnp_1', 'DUF4096', 'ntrC', 'GAF', 'PAS_4', 'HTH_28', 'pcaR_pcaU', 'mycofact_MftB', 'SDR_subfam_1', 'mycofactocin', 'mycofact_glyco', 'Creatininase', 'mft_etfB', 'Fer4_2', 'Fer4', 'aprB', 'GG-red-SF', 'Thi4', 'ETF_alpha']",1
400,"['Aldedh', 'pcaR_pcaU', 'HTH_5', 'mycofactocin', 'Mycofactocin_RRE', 'mycofact_rSAM', 'EAL', 'mycofact_creat', 'Isochorismatase', 'mycofact_glyco', 'efflux_Bcr_CflA']",1
401,"['Amidase', 'PaaN-DH', 'OrfB_IS605', 'Mycofactocin_RRE', 'mycofact_rSAM', 'GGDEF', 'GAF', 'bioA', 'His_Phos_1', 'xseA', 'xseB']",1
402,"['Beta-lactamase', 'mycofactocin', 'Mycofactocin_RRE', 'mycofact_rSAM', 'actino_HemFlav', 'mycofact_creat', 'SDR_subfam_2', 'mycofact_glyco', 'TetR_N', 'HTH_IclR', 'npdG']",1
403,"['CMAS', 'mycofact_rSAM', 'Mycofactocin_RRE', 'mycofactocin', 'GreA_GreB', 'GreA_GreB_N', 'CobN-Mg_chel', 'CbiE', 'CbtA']",1
404,"['CoA_transf_3', 'mycofactocin', 'Mycofactocin_RRE', 'mycofact_rSAM', 'G3P_acyltransf', 'tartro_sem_red', 'Pyridoxal_deC']",1
405,"['CpaE_hom_Actino', 'actino_HemFlav', 'mycofact_rSAM', 'Mycofactocin_RRE', 'mycofactocin', 'VWA_CoxE', 'AAA_5', 'bpMoxR', 'TIGR02928']",1
406,"['CpaE_hom_Actino', 'flgA_cterm', 'actino_HemFlav', 'mycofact_rSAM', 'Mycofactocin_RRE', 'mycofactocin', '3oxo_ACP_reduc', 'ABM', 'TetR_N', 'AAA_8', 'MoaE', 'Amidohydro_2', 'Amidohydro_2']",1
407,"['DHquinase_II', 'mycofactocin', 'Mycofactocin_RRE', 'AAA_5', 'MCM', 'VWA_2', 'SDR_subfam_1', 'actino_HemFlav', 'DUF6264']",1
408,"['Flavin_Reduct', 'Mycofactocin_RRE', 'DUF2020', 'mycofact_rSAM', 'actino_HemFlav', 'TetR_N']",1
409,"['DJ-1_PfpI', 'MR_MLE_C', 'MR_MLE_N', 'actino_HemFlav', 'mycofactocin', 'Mycofactocin_RRE', 'mycofact_rSAM', 'amphi-Trp', 'Lsr2']",1
410,"['DNA_alkylation', 'DivI1A_domain', 'cyc_hxne_CoA_dh', 'mycofactocin', 'Mycofactocin_RRE', 'mycofact_rSAM', 'actino_HemFlav', 'SDR_subfam_1', 'mycofact_creat', 'mycofact_glyco', 'GMC_mycofac_2', 'Glycos_transf_2']",1
411,"['DNA_alkylation', 'cyc_hxne_CoA_dh', 'mycofactocin', 'Mycofactocin_RRE', 'mycofact_rSAM', 'actino_HemFlav', 'SDR_subfam_1', 'mycofact_creat', 'mycofact_glyco', 'GMC_mycofac_2', 'Glycos_transf_2']",1
412,"['DNA_alkylation', 'mycofactocin', 'Mycofactocin_RRE', 'SDR_subfam_1', 'mycofact_creat', 'mycofact_glyco', 'GMC_mycofac_2', 'IMPACT_YIGZ']",1
413,"['DNA_alkylation', 'mycofactocin', 'Mycofactocin_RRE', 'SDR_subfam_1', 'mycofact_creat', 'mycofact_glyco', 'GMC_mycofac_2', 'Rv1155_F420']",1
414,"['DNA_alkylation', 'mycofactocin', 'Mycofactocin_RRE', 'mycofact_MftB', 'SDR_subfam_1', 'mycofact_creat', 'mycofact_glyco', 'GMC_mycofac_2']",1
415,"['DNA_alkylation', 'mycofactocin', 'Mycofactocin_RRE', 'mycofact_rSAM', 'actino_HemFlav', 'mycofact_creat', 'mycofact_glyco', 'GMC_mycofac_2']",1
416,"['Aldedh', 'mycofactocin', 'Mycofactocin_RRE', 'mycofact_rSAM', 'actino_HemFlav', 'mycofact_creat', 'SDR_subfam_2', 'mycofact_glyco']",1
417,"['Aldedh', 'mycofactocin', 'Mycofactocin_RRE', 'AMP-binding', 'AMP-binding_C', 'Aldedh', 'Rv1155_F420', 'ccpA']",1
418,"['Aldedh', 'decarb_PcaC', 'mycofactocin', 'Mycofactocin_RRE', 'mycofact_rSAM', 'actino_HemFlav', 'mycofact_creat', 'mycofact_glyco']",1
419,"['Aldedh', 'decarb_PcaC', 'mycofactocin', 'Mycofactocin_RRE', 'mycofact_rSAM', 'actino_HemFlav', 'mycofact_creat', 'mycofact_glyco', 'Glyco_hydro_2_C', 'Bgal_small_N', 'LacZ_4', 'Glyco_hydro_2']",1
420,"['3oxo_ACP_reduc', 'mycofactocin', 'mycofact_rSAM', 'actino_HemFlav', 'mycofact_creat', 'SDR_subfam_2', 'mycofact_glyco', 'SDR_subfam_1', 'TetR_N', 'cyc_hxne_CoA_dh']",1
421,"['AA-adenyl-dom', 'AMP-binding', 'Condensation', 'alpha_am_amid', 'PP-binding', 'GAF', 'GAF_2', 'Rv0697', 'mycofact_glyco', 'mycofact_rSAM', 'Mycofactocin_RRE', 'DNA_alkylation', 'glut_race']",1
422,"['AAA_29', 'SbcC_Walker_B', 'AAA_23', 'SMC_prok_A', 'TSP_3', 'Dockerin_1', 'TSP3_bac', 'mycofactocin', 'Mycofactocin_RRE', 'mycofact_rSAM', 'mycofact_creat', 'mycofact_glyco', 'GAF', 'Aldedh', 'DUF779']",1
423,"['AAA_33', 'mycofactocin', 'Mycofactocin_RRE', 'mycofact_rSAM', 'actino_HemFlav', 'mycofact_creat', 'mycofact_glyco', 'Rv0697']",1
424,"['ABC2_membrane', 'drrC', 'mycofactocin', 'Mycofactocin_RRE']",1
425,"['ABM', 'mycofactocin', 'Mycofactocin_RRE', 'mycofact_rSAM', 'SDR_subfam_1', 'SDR_subfam_1', 'SDR_subfam_1', 'gas_vesic_GvpN', 'VWA_2', 'marine_srt_targ', 'DUF2201', 'actino_HemFlav', 'mycofact_creat']",1
426,"['ACPS', 'Flavin_Reduct', 'mycofactocin', 'Mycofactocin_RRE', 'mycofact_rSAM', 'mycofact_OYE_1', 'mycofact_OYE_2', 'ETF_alpha', 'ETF', 'GG-red-SF', 'Fer4_2', 'Fer4', 'mft_etfB', 'SDR_subfam_2']",1
427,"['AMP-binding', 'AMP-binding_C', 'SDR_subfam_1', 'mycofactocin', 'mycofact_MftB', 'mycofact_rSAM', 'actino_HemFlav', 'mycofact_creat', 'mycofact_glyco', 'GMC_mycofac_2', 'GMC_mycofac_2', 'EutB']",1
428,"['AMP-binding', 'AMP-binding_C', 'proV', 'MsbA_rel', 'mycofactocin', 'Mycofactocin_RRE', 'mycofact_rSAM', 'mycofact_creat', 'SDR_subfam_2', 'mycofact_glyco', 'actino_HemFlav', 'Trns_repr_metal']",1
429,"['APH', 'mycofactocin', 'Mycofactocin_RRE', 'mycofact_rSAM', 'actino_HemFlav', 'mycofact_creat', 'mycofact_glyco', 'betA', 'Oxidored_FMN', 'adh_short', 'AcAcCoA_reduct', 'SnoaL_2']",1
430,"['Abhydrolase_3', 'mycofactocin', 'Mycofactocin_RRE', 'mycofact_rSAM', 'actino_HemFlav']",1
431,"['AcCoA-C-Actrans', 'mycofactocin', 'Mycofactocin_RRE', 'mycofact_rSAM', 'mycofact_creat', 'SDR_subfam_2', 'pter_reduc_Leis', 'mycofact_glyco', 'actino_HemFlav']",1
432,"['Acyl_transf_3', 'mycofactocin', 'Mycofactocin_RRE', 'mycofact_rSAM', 'actino_HemFlav', 'mycofact_creat', 'mycofact_glyco', 'GMC_mycofac_2']",1
433,"['Aldedh', 'crcB', 'mycofact_TetR', 'mycofactocin', 'Mycofactocin_RRE', 'mycofact_rSAM', 'actino_HemFlav', 'mycofact_creat', 'mycofact_glyco']",1
434,"['Aldedh', 'decarb_PcaC', 'mycofactocin', 'Mycofactocin_RRE', 'XdhC_C', 'xanthine_xdhC', 'mycofact_rSAM', 'mycofact_creat', 'mycofact_glyco']",1
435,"['DNA_alkylation', 'mycofactocin', 'Mycofactocin_RRE', 'mycofact_rSAM', 'mycofact_creat', 'mycofact_glyco', 'GMC_mycofac_2', 'DUF5134']",1
436,"['DNA_alkylation', 'mycofactocin', 'mycofact_rSAM', 'Mycofactocin_RRE', 'AA-adenyl-dom', 'Condensation', 'alpha_am_amid', 'ligase_PEP_1', 'PP-binding', 'AA-adenyl-dom', 'AMP-binding', 'Condensation', 'alpha_am_amid', 'PP-binding', 'Thioesterase', 'MbtH']",1
437,"['DUF1015', 'mycofactocin', 'Mycofactocin_RRE', 'mycofact_rSAM', 'rSAM_NirJ', 'actino_HemFlav', 'mycofact_creat', 'mycofact_glyco', 'betA', 'phnR_burk', 'prpB', 'D-hydantoinase']",1
438,"['ETF_alpha', 'ETF', 'mycofact_OYE_2', 'mycofact_OYE_1', 'mycofact_rSAM', 'Mycofactocin_RRE', 'mycofactocin', 'Usp', 'IMS', 'DNA_pol_lambd_f']",1
439,"['ETF_alpha', 'ETF', 'mycofact_OYE_2', 'mycofact_OYE_1', 'mycofact_rSAM', 'Mycofactocin_RRE', 'mycofactocin', 'greA', 'Tex_N', 'Tex_YqgF', 'HHH_3', 'HHH_9', 'S1', 'HHH_6', 'TOBE_2']",1
440,"['ETF_alpha', 'ETF', 'mycofact_OYE_2', 'mycofact_OYE_1', 'mycofact_rSAM', 'Mycofactocin_RRE', 'mycofactocin']",1
441,"['ETF_alpha', 'ETF', 'mycofact_OYE_2', 'mycofact_rSAM', 'Mycofactocin_RRE', 'mycofactocin', 'NAD_binding_10', 'HpnA', 'PhoB', 'phoR_proteo', 'cztS_silS_copS']",1
442,"['ETF_alpha', 'mycofact_OYE_2', 'mycofact_OYE_1', 'mycofact_rSAM', 'Mycofactocin_RRE', 'mycofactocin', 'NUDIX', 'mutt', 'NYN_YacP']",1
443,"['ETF_alpha', 'mycofact_OYE_2', 'mycofact_OYE_1', 'mycofact_rSAM', 'Mycofactocin_RRE', 'mycofactocin', 'Rxyl_3153', 'Usp', 'P_acnes_RR', 'FmdA_AmdA', 'aceE']",1
444,"['ETF_alpha', 'mycofact_OYE_2', 'mycofact_OYE_1', 'mycofact_rSAM', 'Mycofactocin_RRE', 'mycofactocin', 'SUFU', 'DUF6507']",1
445,"['ETF_alpha', 'mycofact_OYE_2', 'mycofact_OYE_1', 'mycofact_rSAM', 'Mycofactocin_RRE', 'mycofactocin', 'bioA']",1
446,"['F420_MSMEG_2906', 'mycofactocin', 'Mycofactocin_RRE', 'mycofact_rSAM', 'actino_HemFlav', 'FMN_nitrolo', 'Polyketide_cyc2', 'SDR_subfam_1']",1
447,"['F420_MSMEG_4879', 'LYTB', 'mycofactocin', 'Mycofactocin_RRE', 'mycofact_rSAM', 'actino_HemFlav', 'mycofact_creat', 'SDR_subfam_2', 'mycofact_glyco', 'mycofact_TetR']",1
448,"['FAD_binding_3', 'mycofact_OYE_1', 'SDR_subfam_1', 'mycofact_rSAM', 'Mycofactocin_RRE', 'mycofactocin', 'Response_reg', 'GerE', 'HisKA_3', 'HATPase_c', 'Fe-ADH', 'Peptidase_S58']",1
449,"['FCD', 'GntR', 'P450_rel_GT_act', 'mycofactocin', 'Mycofactocin_RRE', 'mycofact_rSAM', 'actino_HemFlav', 'mycofact_creat', 'mycofact_glyco']",1
450,"['FIST', 'SDR_subfam_1', 'Mycofactocin_RRE', 'pta', 'AAA_26', 'DRTGG']",1
451,"['FadJ', 'mycofactocin', 'Mycofactocin_RRE', 'mycofact_rSAM', 'actino_HemFlav', 'mycofact_creat', 'Rv0697']",1
452,"['Fer4_13', 'Fer4_6', 'Fer4', 'Fer4_2', 'adh_short_C2', 'mycofactocin', 'Mycofactocin_RRE', 'mycofact_rSAM', 'mycofact_creat', 'SDR_subfam_2', 'mycofact_glyco', 'actino_HemFlav']",1
453,"['Fer4_13', 'Fer4_6', 'Fer4_2', 'Pyr_redox_3', 'NAD_binding_8', 'mycofactocin', 'Mycofactocin_RRE', 'mycofact_rSAM', 'actino_HemFlav', 'mycofact_creat', 'mycofact_glyco', 'isocit_lyase']",1
454,"['ETF_alpha', 'ETF', 'mycofact_OYE_2', 'mycofact_OYE_1', 'mycofact_rSAM', 'Mycofactocin_RRE', 'mycofactocin', 'greA', 'Tex_N', 'Tex_YqgF', 'HHH_3', 'HHH_9', 'S1', 'HHH_6', 'GSHPx', 'gpx7', 'CobN-Mg_chel']",1
455,"['ETF_alpha', 'ETF', 'mycofact_OYE_2', 'mycofact_OYE_1', 'mycofact_rSAM', 'Mycofactocin_RRE', 'mycofactocin', 'Rxyl_3153', 'PEP_resp_reg', 'Sigma54_activ_2', 'AAA_22', 'HTH_23', 'Rv1155_F420', 'AcCoA-C-Actrans', 'OB_aCoA_assoc', 'DUF35_N']",1
456,"['DUF222', 'HNH', 'mycofactocin', 'Mycofactocin_RRE', 'mycofact_rSAM', 'actino_HemFlav', 'mycofact_OYE_1', 'SDR_subfam_1', 'mycofact_OYE_2', 'mycofact_creat', 'mycofact_glyco', 'Rv0697']",1
457,"['ETF_alpha', 'ETF', 'mycofact_OYE_2', 'mycofact_OYE_1', 'mycofact_rSAM', 'Mycofactocin_RRE', 'mycofactocin', 'Response_reg', 'GerE']",1
458,"['DUF222', 'Trypan_PARP', 'mycofactocin', 'Mycofactocin_RRE', 'mycofact_rSAM', 'actino_HemFlav', 'mycofact_creat', 'mycofact_glyco', 'Rv0697', 'TetR_N', 'betaine_BetI', 'TetR_C_11']",1
459,"['DUF222', 'mycofactocin', 'Mycofactocin_RRE', 'mycofact_rSAM', 'mycofact_creat', 'mycofact_glyco', 'Rv0697', 'TetR_N', 'betaine_BetI']",1
460,"['DUF559', 'AbiEi_1', 'mycofactocin', 'Mycofactocin_RRE', 'mycofact_rSAM', 'SDR_subfam_1', 'mycofact_creat', 'mycofact_glyco', 'GMC_mycofac_2', 'glcD']",1
461,"['DUF998', 'mycofactocin', 'Mycofactocin_RRE', 'mycofact_rSAM', 'SDR_subfam_1', 'SDR_subfam_1', 'SDR_subfam_1', 'AAA_5', 'MCM', 'VWA_2', 'marine_srt_targ', 'DUF2201', 'actino_HemFlav', 'mycofact_creat']",1
462,"['Dehydratase_hem', 'mycofactocin', 'Mycofactocin_RRE', 'mycofact_rSAM', 'actino_HemFlav', 'mycofact_creat', 'SDR_subfam_2', 'mycofact_glyco', 'Abhydrolase_3']",1
463,"['EAL', 'DICT', 'mycofactocin', 'Mycofactocin_RRE', 'mycofact_rSAM', 'actino_HemFlav', 'actino_HemFlav', 'Ribonuc_L-PSP']",1
464,"['EAL', 'DUF4131', 'mycofact_rSAM', 'Mycofactocin_RRE', 'pcaR_pcaU', 'HTH_5', 'Aldedh', 'HpnZ_proposed', 'Ring_hydroxyl_B', 'benzo_1_2_benA']",1
465,"['EAL', 'GGDEF', 'mycofact_rSAM', 'Mycofactocin_RRE', 'mycofactocin', 'FAD_binding_3', 'crtI_fam']",1
466,"['EAL', 'mycofact_rSAM', 'Mycofactocin_RRE', 'mycofactocin', 'PetG', 'DUF6404', 'FAD_binding_3']",1
467,"['EAL', 'mycofact_rSAM', 'Mycofactocin_RRE', 'mycofactocin', 'SDR_subfam_1', 'FAD_binding_3', 'Se_ygfK']",1
468,"['ECH_1', 'mycofactocin', 'Mycofactocin_RRE', 'SDR_subfam_1', 'SDR_subfam_1', 'SDR_subfam_1', 'AAA_5', 'VWA_2']",1
469,"['ETF_alpha', 'ETF', 'mycofact_OYE_2', 'mycofact_OYE_1', 'Thi4', 'mycofact_rSAM', 'Mycofactocin_RRE', 'mycofactocin', 'Fer4_15', 'pter_reduc_Leis']",1
470,"['ETF_alpha', 'ETF', 'mycofact_OYE_2', 'mycofact_OYE_1', 'mycofact_rSAM', 'Mycofactocin_RRE', 'mycofactocin', 'DUF1707', 'Defensin_big', 'Amidohydro_2', 'DNA_binding_1']",1
471,"['ETF_alpha', 'ETF', 'mycofact_OYE_2', 'mycofact_OYE_1', 'mycofact_rSAM', 'Mycofactocin_RRE', 'mycofactocin', 'NUDIX', 'NYN_YacP', 'ROK_glcA_fam', 'ArsA_ATPase', 'ArsA_HSP20', 'Polyketide_cyc2']",1
472,"['ETF_alpha', 'ETF', 'mycofact_OYE_2', 'mycofact_OYE_1', 'mycofact_rSAM', 'Mycofactocin_RRE', 'mycofactocin', 'Peripla_BP_6', 'Peripla_BP_6', 'Peripla_BP_6', 'urea_trans_UrtE', 'urea_trans_UrtD', 'BPD_transp_2']",1
473,"['PEP_resp_reg', 'ntrC', 'HTH_30', 'Sigma54_activ_2', 'HTH_50', 'Rxyl_3153', 'Mycofactocin_RRE', 'LysR_substrate', 'HTH_5', 'caca2', 'AraC_binding_2', 'HTH_AraC', 'MoaF_C', 'MoaF']",1
474,"['PGDH', 'mycofactocin', 'Mycofactocin_RRE', 'mycofact_rSAM', 'actino_HemFlav', 'mycofact_creat', 'mycofact_glyco', 'Rv0697', 'SfLAP']",1
475,"['PGDH', 'mycofactocin', 'Mycofactocin_RRE', 'mycofact_rSAM', 'mycofact_glyco', 'Rv0697']",1
476,"['Usp', 'Rxyl_3153', 'mycofactocin', 'Mycofactocin_RRE', 'mycofact_rSAM', 'mycofact_OYE_1', 'mycofact_OYE_2', 'ETF_alpha', 'ETF', 'GG-red-SF', 'DAO', 'FeFe_hydrog_B1', 'mft_etfB', 'SDR_subfam_2']",1
477,"['TetR_C_31', 'mycofactocin', 'Mycofactocin_RRE', 'mycofact_rSAM', 'actino_HemFlav', 'mycofact_OYE_1', 'mycofact_OYE_2', 'TetR_C_33', 'rluA_subfam']",1
478,"['TetR_N', 'HTH_7', 'mycofactocin', 'Mycofactocin_RRE', 'mycofact_rSAM', 'BTAD', 'Trans_reg_C', 'AAA_22', 'PhoH', 'pimC_large']",1
479,"['TetR_N', 'TetR_C_29', 'mycofactocin', 'Mycofactocin_RRE', 'mycofact_rSAM', 'SDR_subfam_1', 'VWA_2', 'VWA_CoxE', 'EAL', 'ACT_7', 'DUF4398', 'mycofact_creat']",1
480,"['TetR_N', 'betaine_BetI', 'mycofactocin', 'Mycofactocin_RRE', 'mycofact_rSAM', 'actino_HemFlav', 'mycofact_glyco', 'mycofact_TetR']",1
481,"['ThiF', 'actino_HemFlav', 'mycofact_rSAM', 'Mycofactocin_RRE', 'mycofactocin', 'Phage_integrase', 'recomb_XerC']",1
482,"['Thioesterase', 'mycofactocin', 'Mycofactocin_RRE', 'mycofact_rSAM', 'mycofact_OYE_1', 'mycofact_OYE_2', 'ETF_alpha', 'ETF', 'GG-red-SF', 'nadB', 'Fer4_2', 'Fer4', 'mft_etfB', 'mycofact_glyco']",1
483,"['TraG-D_C', 'DUF4913', 'mycofactocin', 'Mycofactocin_RRE', 'mycofact_rSAM', 'actino_HemFlav', 'mycofact_creat', 'mycofact_glyco']",1
484,"['VWA_2', 'AAA_5', 'MCM', 'SDR_subfam_1', 'mycofact_rSAM', 'Mycofactocin_RRE', 'mycofactocin', 'DHquinase_II', 'YhcG_C', 'DUF1016_N', 'PALP']",1
485,"['SDR_subfam_2', 'mycofact_creat', 'actino_HemFlav', 'mycofact_rSAM', 'Mycofactocin_RRE', 'mycofactocin', 'HTH_30', 'GGDEF_2', 'D1pyr5carbox2', 'Pro_dh', 'PutA_N']",1
486,"['VWA_2', 'AAA_5', 'MCM', 'mycofact_OYE_1', 'mycofact_rSAM', 'Mycofactocin_RRE', 'mycofactocin', 'Meth_synt_2', '3-dmu-9_3-mt']",1
487,"['VWA_CoxE', 'HalX', 'Methyltransf_25', 'MenG_MenH_UbiE', 'UbiG', 'Methyltransf_23', 'mycofactocin', 'SDR_subfam_1', 'Mycofactocin_RRE', 'mycofact_rSAM', 'actino_HemFlav', 'Creatininase', 'mycofact_glyco', 'ovoA_Cterm', 'NUDIX', 'Rad50_zn_hook', 'FUR', 'CarboxypepD_reg']",1
488,"['XdhC_C', 'XdhC_CoxI', 'mycofactocin', 'Mycofactocin_RRE', 'mycofact_rSAM', 'actino_HemFlav', 'mycofact_creat', 'SDR_subfam_2', 'mycofact_glyco', 'HTH_3', 'HTH_28', 'CLP_protease', 'AMP-binding', 'AMP-binding_C']",1
489,"['actino_HemFlav', 'AAA_5', 'bpMoxR', 'AAA_16', 'ccmA', 'marine_srt_targ', 'Rxyl_3153', 'mycofact_rSAM', 'mycofact_MftB', 'SDR_subfam_1', 'mycofactocin', 'N6_N4_Mtase', 'KCNQ2_u3', 'panF', 'DUF3311', '4HBT_2']",1
490,"['actino_HemFlav', 'actino_HemFlav', 'mycofact_rSAM', 'Mycofactocin_RRE', 'SCFA_trans', 'Ppx-GppA', 'DUF501', 'DivIC', 'eno', 'SLT_2']",1
491,"['actino_HemFlav', 'mycofact_rSAM', 'Mycofactocin_RRE', 'DHPS', 'Glycos_transf_2', 'Hemerythrin', 'Hydrolase_3']",1
492,"['actino_HemFlav', 'mycofact_rSAM', 'Mycofactocin_RRE', 'DoxX', 'Ricin_B_lectin', 'Cellulase']",1
493,"['TENA_THI-4', 'Usp', 'mycofactocin', 'Mycofactocin_RRE', 'mycofact_rSAM', 'mycofact_OYE_1', 'mycofact_OYE_2', 'ETF_alpha', 'ETF', 'GG-red-SF', 'Fer4_9', 'Fer4', 'RLI', 'mft_etfB', 'SDR_subfam_2']",1
494,"['SucB_Actino', 'mycofactocin', 'Mycofactocin_RRE', 'mycofact_rSAM', 'actino_HemFlav', 'mycofact_creat', 'SDR_subfam_2', 'mycofact_glyco']",1
495,"['SnoaL_2', 'F420_MSMEG_2249', 'mycofactocin', 'Mycofactocin_RRE', 'mycofact_rSAM', 'actino_HemFlav', 'mycofact_creat', 'mycofact_glyco', 'Rv0697', 'COesterase']",1
496,"['SSADH', 'catechol_dmpE', 'mycofactocin', 'Mycofactocin_RRE', 'mycofact_rSAM', 'actino_HemFlav', 'mycofact_creat', 'SDR_subfam_2', 'mycofact_glyco', 'HxlR', 'HTH_20', 'FtsX', 'PpiC_rel_mature']",1
497,"['SDR_subfam_2', 'mycofact_creat', 'actino_HemFlav', 'mycofact_rSAM', 'Mycofactocin_RRE', 'mycofactocin', 'PNTB', 'pntA', 'Rieske', 'FAA_hydrolase', 'gentisate_1_2', 'SDR_subfam_1']",1
498,"['SDR_subfam_2', 'mycofact_creat', 'actino_HemFlav', 'mycofact_rSAM', 'Mycofactocin_RRE', 'mycofactocin', 'Response_reg', 'GerE', 'HisKA_3', 'HATPase_c_2']",1
499,"['SDR_subfam_2', 'mycofact_creat', 'actino_HemFlav', 'mycofact_rSAM', 'Mycofactocin_RRE', 'mycofactocin', 'SnoaL_4', 'Lumazine_bd_2']",1
500,"['SDR_subfam_2', 'mycofact_creat', 'actino_HemFlav', 'mycofact_rSAM', 'rSAM_for_selen', 'Mycofactocin_RRE', 'mycofactocin', 'MmgE_PrpD', 'MmgE_PrpD_C', 'adh_short_C2', 'HIBADH', 'adh_short_C2']",1
501,"['SDR_subfam_2', 'mycofact_creat', 'actino_HemFlav', 'mycofact_rSAM', 'rad_SAM_trio', 'Mycofactocin_RRE', 'mycofactocin', 'SDR_subfam_1', 'propeller_TolB', 'DPPIV_N', 'cztS_silS_copS', 'cztR_silR_copR', 'acolac_lg']",1
502,"['SDR_subfam_2', 'mycofact_creat', 'mycofact_rSAM', 'Mycofactocin_RRE', 'mycofactocin', 'Anthrone_oxy', 'YqhR', 'MerR_1']",1
503,"['SDR_subfam_2', 'mycofact_creat', 'mycofact_rSAM', 'Mycofactocin_RRE', 'mycofactocin', 'Response_reg', 'GerE', 'HTH_38', 'HisKA_3', 'HATPase_c_2', 'GAF_2', 'Fe-ADH']",1
504,"['SDR_subfam_2', 'mycofact_creat', 'mycofact_rSAM', 'Mycofactocin_RRE', 'mycofactocin', 'glucar-dehydr', 'efflux_Bcr_CflA']",1
505,"['SDR_subfam_2', 'mycofact_creat', 'mycofact_rSAM', 'Mycofactocin_RRE', 'mycofactocin', 'tdh', 'Lactonase', 'AP_endonuc_2', 'gntK_FGGY', 'TetR_N', 'TetR_C_6']",1
506,"['SDR_subfam_2', 'mycofact_creat', 'mycofact_rSAM', 'Mycofactocin_RRE', 'mycofactocin', 'zf-HC2', 'YtpI']",1
507,"['SDR_subfam_2', 'mycofact_rSAM', 'Mycofactocin_RRE', 'mycofactocin', 'dnlj', 'PNTB', 'pntA', 'Meth_synt_2']",1
508,"['SDR_subfam_2', 'mycofact_rSAM', 'Mycofactocin_RRE', 'mycofactocin']",1
509,"['SDR_subfam_2', 'mycofactocin', 'Mycofactocin_RRE', 'mycofact_rSAM', 'mycofact_OYE_1', 'mycofact_OYE_2', 'ETF_alpha', 'ETF', 'DUF1127', 'GG-red-SF', 'DAO', 'Fer4_2', 'Fer4', 'mft_etfB', 'mycofact_creat']",1
510,"['SLAC1', 'mycofactocin', 'Mycofactocin_RRE', 'mycofact_rSAM', 'mycofact_creat', 'mycofact_glyco', 'Rv0697', 'TetR_N', 'DprA_WH']",1
511,"['SPW', 'Mycofactocin_RRE', 'FAD_binding_2', 'DDE_5', 'CBS', 'BON']",1
512,"['actino_HemFlav', 'mycofact_rSAM', 'Mycofactocin_RRE', 'EF-Tu', 'EF-G']",1
513,"['actino_HemFlav', 'mycofact_rSAM', 'Mycofactocin_RRE', 'GerE', 'Response_reg', 'HisKA_3', 'GAF_2', 'Fe-ADH', 'MFS_1']",1
514,"['actino_HemFlav', 'mycofact_rSAM', 'Mycofactocin_RRE', 'HisKA_3', 'Fe-ADH', 'VWA_CoxE', 'AAA_5', 'AAA_3', 'NDMA_methanol']",1
515,"['actino_HemFlav', 'mycofact_rSAM', 'Mycofactocin_RRE', 'mycofactocin', 'Flavin_Reduct', 'pcaR_pcaU', 'TetR_N', 'betaine_BetI', 'TetR_C_31', 'TetR_N', 'betaine_BetI']",1
516,"['actino_HemFlav', 'mycofact_rSAM', 'Mycofactocin_RRE', 'mycofactocin', 'GerE', 'Response_reg', 'HisKA_3', 'HATPase_c_2', 'Kazal_3', 'Fe-ADH', 'nickel_nikE']",1
517,"['actino_HemFlav', 'mycofact_rSAM', 'Mycofactocin_RRE', 'mycofactocin', 'HxlR']",1
518,"['actino_HemFlav', 'mycofact_rSAM', 'Mycofactocin_RRE', 'mycofactocin', 'Hydrolase_4', 'adh_short', 'HTH_30', 'GGDEF_2']",1
519,"['actino_HemFlav', 'mycofact_rSAM', 'Mycofactocin_RRE', 'mycofactocin', 'MLTR_LBD', 'HTH_31', 'AAA_16', 'Apidaecin', 'adh_short', '23BDH']",1
520,"['actino_HemFlav', 'mycofact_rSAM', 'Mycofactocin_RRE', 'mycofactocin', 'PGDH', 'Pyr_redox_2', 'Reductase_C', 'SDR_subfam_1']",1
521,"['actino_HemFlav', 'mycofact_rSAM', 'Mycofactocin_RRE', 'mycofactocin', 'Pyr_redox_2', 'Pyr_redox']",1
522,"['actino_HemFlav', 'mycofact_rSAM', 'Mycofactocin_RRE', 'mycofactocin', 'Pyr_redox_2', 'Reductase_C', 'DUF6670']",1
523,"['actino_HemFlav', 'mycofact_rSAM', 'Mycofactocin_RRE', 'mycofactocin', 'Pyr_redox_2', 'Reductase_C', 'HTH_AsnC-type', 'MarR', 'TrmB', 'Sigma70_r4']",1
524,"['actino_HemFlav', 'mycofact_rSAM', 'Mycofactocin_RRE', 'mycofactocin', 'Pyr_redox_2', 'Reductase_C', 'NAD_binding_8']",1
525,"['actino_HemFlav', 'mycofact_rSAM', 'Mycofactocin_RRE', 'mycofactocin', 'Pyr_redox_2', 'Reductase_C', 'TetR_C_1', 'TetR_N']",1
526,"['actino_HemFlav', 'mycofact_rSAM', 'Mycofactocin_RRE', 'mycofactocin', 'Response_reg', 'GerE', 'HTH_10', 'HisKA_3', 'HATPase_c_2', 'Fe-ADH']",1
527,"['actino_HemFlav', 'mycofact_rSAM', 'Mycofactocin_RRE', 'mycofactocin', 'Response_reg', 'GerE', 'HTH_38', 'HisKA_3']",1
528,"['2a38', 'mycofact_rSAM', 'Mycofactocin_RRE']",1
529,"['actino_HemFlav', 'mycofact_rSAM', 'Mycofactocin_RRE', 'mycofactocin', 'SDR_subfam_1']",1
530,"['actino_HemFlav', 'mycofact_rSAM', 'Mycofactocin_RRE', 'mycofactocin', 'cyc_hxne_CoA_dh', 'Acyl-CoA_dh_2']",1
531,"['actino_HemFlav', 'mycofact_rSAM', 'Mycofactocin_RRE', 'mycofactocin', 'Flavodoxin_2', 'Response_reg', 'GerE', 'HisKA_3', 'HATPase_c_2', 'Fe-ADH']",1
532,"['actino_HemFlav', 'mycofact_rSAM', 'Mycofactocin_RRE', 'mycofactocin', 'Fer4', 'Fer4_2', 'PorB_KorB', 'OAFO_sf', 'MaoC_dehydratas']",1
533,"['actino_HemFlav', 'mycofact_rSAM', 'Mycofactocin_RRE', 'HisKA_3', 'GAF_2', 'Fe-ADH', 'VWA_CoxE', 'AAA_5', '26Sp45', 'NDMA_methanol']",1
534,"['actino_HemFlav', 'mycofact_rSAM', 'Mycofactocin_RRE', 'mycofactocin', 'DoxX_3', 'RskA']",1
535,"['actino_HemFlav', 'mycofact_rSAM', 'Mycofactocin_RRE', 'MNHE', '2a6301s04', 'Proton_antipo_M', 'Oxidored_q2', '2a6301s01', 'Proton_antipo_M']",1
536,"['actino_HemFlav', 'mycofact_rSAM', 'Mycofactocin_RRE', 'Peptidase_M14', 'Sortase', 'mycofact_TetR']",1
537,"['actino_HemFlav', 'mycofact_rSAM', 'Mycofactocin_RRE', 'Peptidase_S11']",1
538,"['actino_HemFlav', 'mycofact_rSAM', 'Mycofactocin_RRE', 'SDR_subfam_1', 'Cupin_3', 'Amino_oxidase']",1
539,"['actino_HemFlav', 'mycofact_rSAM', 'Mycofactocin_RRE', 'ThiF', 'Prok-E2_B']",1
540,"['actino_HemFlav', 'mycofact_rSAM', 'Mycofactocin_RRE', 'crcB', 'DAO', 'adh_short_C2', 'adh_short_C2']",1
541,"['actino_HemFlav', 'mycofact_rSAM', 'Mycofactocin_RRE', 'mycofact_MftB', 'mycofactocin', 'ECH_1', 'hemL', 'Aldedh', 'Rxyl_3153']",1
542,"['actino_HemFlav', 'mycofact_rSAM', 'Mycofactocin_RRE', 'mycofactocin', 'Abhydrolase_6', '2A0114']",1
543,"['actino_HemFlav', 'mycofact_rSAM', 'Mycofactocin_RRE', 'mycofactocin', 'Aldedh', 'Rxyl_3153']",1
544,"['actino_HemFlav', 'mycofact_rSAM', 'Mycofactocin_RRE', 'mycofactocin', 'Beta_helix', 'beta_helix_1', 'Glyco_hydro_12']",1
545,"['actino_HemFlav', 'mycofact_rSAM', 'Mycofactocin_RRE', 'mycofactocin', 'Cupin_6', 'HTH_18', 'DUF664']",1
546,"['actino_HemFlav', 'mycofact_rSAM', 'Mycofactocin_RRE', 'mycofactocin', 'DNA_alkylation', 'Pyr_redox_2', 'Reductase_C', 'PS_I_psaM']",1
547,"['actino_HemFlav', 'mycofact_rSAM', 'Mycofactocin_RRE', 'mycofactocin', 'DUF222', 'HTH_AsnC-type', 'MarR', 'Sigma70_r4']",1
548,"['actino_HemFlav', 'mycofact_rSAM', 'Mycofactocin_RRE', 'mycofactocin', 'DUF350', 'GSP_synth']",1
549,"['actino_HemFlav', 'mycofact_rSAM', 'Mycofactocin_RRE', 'mycofactocin', 'DUF4031', 'CutC', 'his_ut_repres', 'HTH_41', 'COXG', 'Polyketide_cyc2', 'CGP_CTERM']",1
550,"['SDR_subfam_2', 'mycofact_creat', 'actino_HemFlav', 'mycofact_rSAM', 'Mycofactocin_RRE', 'mycofactocin', 'MFS_3', 'MFS_1', 'adh_short_C2']",1
551,"['SDR_subfam_2', 'actino_HemFlav', 'mycofact_rSAM', 'Mycofactocin_RRE', 'mycofactocin', 'MscL', 'Clp_N']",1
552,"['PGDH', 'mycofactocin', 'mycofact_MftB', 'mycofact_rSAM', 'mycofact_glyco', 'Rv0697', 'TetR_N', 'TetR_C_11']",1
553,"['Response_reg', 'GerE', 'mycofactocin', 'Mycofactocin_RRE', 'mycofact_rSAM', 'SDR_subfam_2', 'mycofact_glyco', 'actino_HemFlav', 'pcrA']",1
554,"['Pyr_redox_2', 'mycofactocin', 'Mycofactocin_RRE', 'mycofact_rSAM', 'actino_HemFlav', 'mycofact_creat', 'mycofact_glyco', 'Rv0697', 'rpsJ_bact']",1
555,"['RNase_Z', 'TAT_signal_seq', 'mycofactocin', 'Mycofactocin_RRE', 'mycofact_rSAM', 'mycofact_creat', 'mycofact_glyco', 'Rv0697', 'rpsJ_bact', 'L3_bact', 'rplD_bact']",1
556,"['Reductase_C', 'mycofactocin', 'Mycofactocin_RRE', 'mycofact_rSAM', 'actino_HemFlav', 'mycofact_creat', 'mycofact_glyco', 'betA', 'Aldedh', 'Rxyl_3153']",1
557,"['Response_reg', 'GerE', 'HTH_10', 'mycofactocin', 'Mycofactocin_RRE', 'mycofact_rSAM', 'actino_HemFlav', 'mycofact_glyco', 'HisKA', 'Ac_CoA_lig_AcsA', 'adk']",1
558,"['Response_reg', 'GerE', 'HTH_38', 'mycofactocin', 'Mycofactocin_RRE', 'mycofact_rSAM', 'actino_HemFlav', 'mycofact_creat', 'SDR_subfam_2', 'mycofact_glyco', 'Ac_CoA_lig_AcsA', 'adh_short', 'adk']",1
559,"['Response_reg', 'GerE', 'HTH_38', 'mycofactocin', 'Mycofactocin_RRE', 'mycofact_rSAM', 'actino_HemFlav', 'mycofact_creat', 'SDR_subfam_2', 'mycofact_glyco', 'Ac_CoA_lig_AcsA', 'adk']",1
560,"['Response_reg', 'GerE', 'mycofactocin', 'Mycofactocin_RRE', 'actino_HemFlav']",1
561,"['Response_reg', 'GerE', 'mycofactocin', 'Mycofactocin_RRE', 'mycofact_rSAM', 'actino_HemFlav', '4HBT', 'rplM_bact', 'Ribosomal_S9']",1
562,"['SDR_subfam_2', 'actino_HemFlav', 'mycofact_rSAM', 'Mycofactocin_RRE', 'mycofactocin', 'MFS_1', '2A0118', 'VTC', 'DUF4956']",1
563,"['Response_reg', 'GerE', 'mycofactocin', 'Mycofactocin_RRE', 'mycofact_rSAM', 'actino_HemFlav', 'MarR_2', 'Sulfolobus_pRN', 'RelA_SpoT']",1
564,"['Response_reg', 'GerE', 'mycofactocin', 'Mycofactocin_RRE', 'mycofact_rSAM', 'actino_HemFlav', 'SDR_subfam_2', 'mycofact_glyco', 'mycofact_creat']",1
565,"['Response_reg', 'GerE', 'mycofactocin', 'Mycofactocin_RRE', 'mycofact_rSAM', 'actino_HemFlav', 'mycofact_creat', 'SDR_subfam_2', 'mycofact_glyco', 'Ac_CoA_lig_AcsA', 'adk']",1
566,"['Response_reg', 'GerE', 'mycofactocin', 'Mycofactocin_RRE', 'mycofact_rSAM', 'mycofact_creat', 'SDR_subfam_2', 'mycofact_glyco', 'Aldo_ket_red', 'dhaK1']",1
567,"['Response_reg', 'GerE', 'mycofactocin', 'Mycofactocin_RRE', 'mycofact_rSAM', 'mycofact_creat', 'SDR_subfam_2', 'mycofact_glyco', 'trehalose_treC', 'SBP_bac_1', 'SBP_bac_8', 'chitin_NgcE', 'TAT_signal', 'PhnU2']",1
568,"['Response_reg', 'GerE', 'mycofactocin', 'Mycofactocin_RRE', 'mycofact_rSAM', 'mycofact_creat', 'mycofact_glyco', 'GAF', 'Aldedh', 'DUF779', 'Ac_CoA_lig_AcsA', 'adk']",1
569,"['Response_reg', 'GerE', 'mycofactocin', 'Mycofactocin_RRE', 'mycofact_rSAM', 'mycofact_creat', 'mycofact_glyco', 'GAF', 'Aldedh', 'DUF779', 'GerE']",1
570,"['Pyr_redox_2', 'Reductase_C', 'mycofactocin', 'mycofact_MftB', 'mycofact_rSAM', 'actino_HemFlav', 'mycofact_creat', 'mycofact_glyco', 'Rv0697']",1
571,"['Pyr_redox_2', 'Reductase_C', 'mycofactocin', 'Mycofactocin_RRE']",1
572,"['Pyr_redox_2', 'Reductase_C', 'mycofactocin', 'Mycofactocin_RRE', 'mycofact_rSAM', 'mycofact_glyco', 'Rv0697', 'TetR_N', 'TetR_C_11']",1
573,"['Pyr_redox_2', 'Reductase_C', 'mycofactocin', 'Mycofactocin_RRE', 'mycofact_rSAM', 'mycofact_creat', 'mycofact_glyco', 'Rv0697']",1
574,"['PHA_synth_I', 'PHBC_N', 'Mycofactocin_RRE', 'SDR_subfam_1', 'Creatininase', 'mft_etfB', 'Fer4_2', 'Fer4', 'aprB', 'GG-red-SF', 'ETF_alpha']",1
575,"['PNTB', 'mycofactocin', 'Mycofactocin_RRE', 'mycofact_rSAM', 'Bradykinin', 'actino_HemFlav', 'mycofact_creat', 'SDR_subfam_2', 'mycofact_glyco', 'Phage_integrase']",1
576,"['PfkB', 'mycofactocin', 'Mycofactocin_RRE', 'mycofact_rSAM', 'actino_HemFlav', 'mycofact_creat', 'SDR_subfam_2', 'SDR_subfam_1', 'mycofact_glyco', 'npdG', 'ECH_1']",1
577,"['PhnT2', 'mycofactocin', 'Mycofactocin_RRE', 'mycofact_rSAM', 'actino_HemFlav', 'mycofact_creat', 'SDR_subfam_2', 'mycofact_glyco', 'NDMA_methanol', 'AAA_5', 'CbbQ_C', 'VWA_CoxE']",1
578,"['Pkinase', 'DUF4189', 'actino_HemFlav', 'mycofact_rSAM', 'Mycofactocin_RRE', 'mycofactocin', 'DNA_alkylation', 'Pyr_redox_2', 'Reductase_C']",1
579,"['Pyr_redox_2', 'Reductase_C', '2-Hacid_dh_C', 'NAD_binding_2', 'mycofactocin', 'Mycofactocin_RRE', 'mycofact_rSAM', 'actino_HemFlav', 'mycofact_creat', 'mycofact_glyco', 'Rv0697', 'TetR_N', 'TetR_C_11']",1
580,"['Pyr_redox_2', 'Reductase_C', '2-Hacid_dh_C', 'NAD_binding_2', 'mycofactocin', 'Mycofactocin_RRE', 'mycofact_rSAM', 'actino_HemFlav', 'mycofact_creat', 'mycofact_glyco', 'Rv0697']",1
581,"['Pyr_redox_2', 'Reductase_C', 'DNA_alkylation', 'mycofactocin', 'Mycofactocin_RRE', 'mycofact_rSAM', 'actino_HemFlav', 'SDR_subfam_1', 'mycofact_creat', 'mycofact_glyco', 'GMC_mycofac_2', 'Rv1155_F420']",1
582,"['Pyr_redox_2', 'Reductase_C', 'DUF5990', 'mycofactocin', 'Mycofactocin_RRE', 'mycofact_rSAM', 'actino_HemFlav', 'mycofact_creat', 'mycofact_glyco', 'Rv0697', 'TetR_N', 'TetR_C_11']",1
583,"['Pyr_redox_2', 'Reductase_C', 'PGDH', 'mycofactocin', 'Mycofactocin_RRE', 'mycofact_creat', 'mycofact_glyco', 'Rv0697', 'TetR_N']",1
584,"['Pyr_redox_2', 'Reductase_C', 'mycofactocin', 'Mycofactocin_RRE', 'mycofact_rSAM', 'Rv0697', 'rpsJ_bact', 'L3_bact']",1
585,"['Pyr_redox_2', 'Reductase_C', 'mycofactocin', 'Mycofactocin_RRE', 'mycofact_rSAM', 'actino_HemFlav', 'mycofact_creat', 'mycofact_glyco', 'Rv0697', 'TetR_N', 'RelB']",1
586,"['Pyr_redox_2', 'Reductase_C', 'mycofactocin', 'Mycofactocin_RRE', 'mycofact_rSAM', 'actino_HemFlav', 'mycofact_creat', 'mycofact_glyco', 'Rv0697', 'TetR_N', 'mycofact_TetR', 'betaine_BetI']",1
587,"['Pyr_redox_2', 'Reductase_C', 'mycofactocin', 'Mycofactocin_RRE', 'mycofact_rSAM', 'actino_HemFlav', 'mycofact_creat', 'mycofact_glyco', 'Rv0697', 'TetR_N']",1
588,"['Pyr_redox_2', 'Reductase_C', 'mycofactocin', 'Mycofactocin_RRE', 'mycofact_rSAM', 'mycofact_creat', 'mycofact_glyco', 'Rv0697', 'TetR_N', 'TetR_C_20']",1
589,"['Response_reg', 'GerE', 'mycofactocin', 'Mycofactocin_RRE', 'mycofact_rSAM', 'mycofact_creat', 'mycofact_glyco', 'Trans_reg_C', '4hydroxCoAred', 'CO_dehy_Mo_lg', 'FAD_binding_5', 'CO_deh_flav_C', 'COXG']",1
590,"['Response_reg', 'GerE', 'mycofactocin', 'Mycofactocin_RRE', 'mycofact_rSAM', 'mycofact_creat', 'mycofact_glyco', 'Trans_reg_C', '4hydroxCoAred', 'CO_dehy_Mo_lg', 'FAD_binding_5', 'CO_deh_flav_C']",1
591,"['Response_reg', 'GerE', 'mycofactocin', 'Mycofactocin_RRE', 'mycofact_rSAM', 'mycofact_creat', 'mycofact_glyco', 'Trans_reg_C', 'SnoaL_2', 'EamA']",1
592,"['SDR_subfam_1', 'SDR_subfam_1', 'mycofact_rSAM', 'Mycofactocin_RRE', 'mycofactocin', 'DNA_alkylation', 'DUF2461', 'Rhodanese']",1
593,"['SDR_subfam_1', 'actino_HemFlav', 'mycofact_rSAM', 'Mycofactocin_RRE', 'mycofactocin', 'DNA_alkylation', 'Pyr_redox_2']",1
594,"['SDR_subfam_1', 'actino_HemFlav', 'mycofact_rSAM', 'Mycofactocin_RRE', 'mycofactocin', 'MaoC_dehydrat_N']",1
595,"['SDR_subfam_1', 'actino_HemFlav', 'mycofact_rSAM', 'Mycofactocin_RRE', 'mycofactocin', 'cyc_hxne_CoA_dh', 'DNA_alkylation', 'Pyr_redox_2', 'Reductase_C']",1
596,"['SDR_subfam_1', 'actino_HemFlav', 'mycofact_rSAM', 'Mycofactocin_RRE', 'mycofactocin', 'menE']",1
597,"['SDR_subfam_1', 'actino_HemFlav', 'mycofact_rSAM', 'mycofact_MftB', 'mycofactocin', 'DNA_alkylation', 'Pyr_redox_2']",1
598,"['SDR_subfam_1', 'actino_HemFlav', 'mycofact_rSAM', 'zf-RAG1', 'Mycofactocin_RRE', 'mycofactocin', 'DNA_alkylation', 'Pyr_redox_2', 'Reductase_C']",1
599,"['SDR_subfam_1', 'mycofact_OYE_1', 'actino_HemFlav', 'mycofact_rSAM', 'Mycofactocin_RRE', 'mycofactocin', 'drrA', 'DNA_alkylation', 'SRAP']",1
600,"['SDR_subfam_1', 'mycofact_OYE_1', 'mycofact_rSAM', 'Mycofactocin_RRE', 'mycofactocin', 'TetR_N', 'mycofact_TetR', 'TetR_C_15', 'LacI', 'am_tr_V_VC1184', 'FAD_binding_3', 'SpoIIE', 'GAF_2', 'DUF6286', 'DUF6286']",1
601,"['SDR_subfam_1', 'mycofact_OYE_1', 'mycofact_rSAM', 'Mycofactocin_RRE', 'mycofactocin', 'am_tr_V_VC1184', 'FAD_binding_3', 'SpoIIE', 'GAF_2', 'EAL', 'PAS_4', 'choice_anch_A']",1
602,"['SDR_subfam_1', 'mycofact_rSAM', 'Mycofactocin_RRE', 'mycofactocin', 'am_tr_V_VC1184', 'Aldo_ket_red']",1
603,"['SDR_subfam_1', 'mycofact_rSAM', 'Mycofactocin_RRE', 'mycofactocin']",1
604,"['SDR_subfam_1', 'mycofactocin', 'Mycofactocin_RRE', 'mycofact_rSAM', 'mycofact_OYE_2', 'ETF_alpha', 'GG-red-SF', 'Fer4_2', 'Fer4', 'ETF', 'mycofact_glyco', 'TIGR00268']",1
605,"['SDR_subfam_1', 'mycofactocin', 'Mycofactocin_RRE', 'mycofact_rSAM', 'mycofact_creat', 'Isochorismatase', 'mycofact_glyco', 'efflux_Bcr_CflA']",1
606,"['SDR_subfam_2', 'actino_HemFlav', 'mycofact_rSAM', 'Mycofactocin_RRE', 'Rxyl_3153', 'mycofactocin', 'FMN_nitrolo', 'MerR_1', 'MerD', 'Cep57_CLD_2', 'DUF1512', 'YlqD']",1
607,"['SDR_subfam_2', 'actino_HemFlav', 'mycofact_rSAM', 'Mycofactocin_RRE', 'mycofactocin', 'Lipase_GDSL_2', 'HTH_30', 'HTH_28', 'GGDEF_2', 'TOBE', 'DUF1206']",1
608,"['SDR_subfam_1', 'SDR_subfam_1', 'mycofact_rSAM', 'Mycofactocin_RRE', 'mycofactocin', 'uvra', 'Glyoxalase_6', 'AHSA1', 'MarR_2', 'HTH_Crp_2', 'GntR', 'SGL', 'NHL', 'Tcp10_C']",1
609,"['SDR_subfam_1', 'SDR_subfam_1', 'SDR_subfam_1', 'mycofact_rSAM', 'Mycofactocin_RRE', 'mycofactocin', 'efflux_EmrB', 'TetR_N']",1
610,"['Response_reg', 'GerE', 'pro_imino_pep_1', 'mycofactocin', 'Mycofactocin_RRE', 'mycofact_rSAM']",1
611,"['SDR_subfam_1', 'SDR_subfam_1', 'SDR_subfam_1', 'mycofact_rSAM', 'Mycofactocin_RRE', 'mycofactocin', 'TetR_C_24', 'TetR_N', 'SGL']",1
612,"['Rubredoxin', 'PHD_4', 'zf-C2H2', 'FA_desaturase', 'actino_HemFlav', 'mycofact_rSAM', 'rSAM_BlsE', 'Mycofactocin_RRE', 'mycofactocin', 'myo_inos_iolC_N', 'eda', 'MR_MLE_C', 'MR_MLE_N', '2A0106', 'tdh', 'Mannitol_dh_C', 'Mannitol_dh']",1
613,"['Rubredoxin', 'zf-RanBP', 'zf-C2H2', 'Rubredoxin_2', 'UPF0547', 'FA_desaturase', 'actino_HemFlav', 'mycofact_rSAM', 'rSAM_BlsE', 'Mycofactocin_RRE', 'mycofactocin', 'phoR_proteo', 'PhoB']",1
614,"['Rv0697', 'mycofact_glyco', 'mycofact_rSAM', 'Mycofactocin_RRE', 'DNA_alkylation', 'glut_race', 'Pyr_redox_2']",1
615,"['Rv0697', 'mycofactocin', 'Mycofactocin_RRE', 'mycofact_rSAM', 'actino_HemFlav', 'mycofact_creat', 'mycofact_glyco', 'IclR']",1
616,"['SAICAR_synt', 'mycofactocin', 'Mycofactocin_RRE', 'SDR_subfam_1', 'AAA_5', 'MCM', 'VWA_2', 'actino_HemFlav']",1
617,"['SBD_N', 'NBD_C', 'F_bP_aldolase', 'mycofactocin', 'Mycofactocin_RRE', 'mycofact_rSAM', 'actino_HemFlav', 'mycofact_creat', 'mycofact_glyco', 'betA', 'TetR_N', 'mycofact_TetR', 'HTH_8']",1
618,"['SDR_subfam_1', 'Pyr_redox_2', 'Reductase_C', 'mycofactocin', 'Mycofactocin_RRE', 'mycofact_rSAM', 'actino_HemFlav', 'mycofact_creat', 'mycofact_glyco', 'Rv0697', 'TetR_N', 'mycofact_TetR', 'RelB']",1
619,"['SDR_subfam_1', 'Pyr_redox_2', 'mycofactocin', 'Mycofactocin_RRE', 'mycofact_rSAM', 'actino_HemFlav', 'mycofact_creat', 'mycofact_glyco', 'Rv0697', 'TetR_N', 'rpsJ_bact']",1
620,"['SDR_subfam_1', 'SDR_subfam_1', 'SDR_subfam_1', 'Mycofactocin_RRE', 'mycofactocin', 'fumC_II']",1
621,"['SDR_subfam_1', 'SDR_subfam_1', 'SDR_subfam_1', 'mycofact_rSAM', 'Fer4_14', 'Mycofactocin_RRE', 'mycofactocin', 'Acyl_transf_3', 'PaaN-DH', 'PaaC-3OHAcCoADH', 'ECH_1', 'pcaF']",1
622,"['SDR_subfam_1', 'SDR_subfam_1', 'SDR_subfam_1', 'mycofact_rSAM', 'Mycofactocin_RRE', 'mycofactocin', 'Lactamase_B', 'Isochorismatase']",1
623,"['SDR_subfam_1', 'SDR_subfam_1', 'SDR_subfam_1', 'mycofact_rSAM', 'Mycofactocin_RRE', 'mycofactocin', 'MLTR_LBD', 'HTH_31']",1
624,"['SDR_subfam_1', 'SDR_subfam_1', 'SDR_subfam_1', 'mycofact_rSAM', 'Mycofactocin_RRE', 'mycofactocin', 'PaaN-DH', 'PaaC-3OHAcCoADH']",1
625,"['SDR_subfam_1', 'SDR_subfam_1', 'SDR_subfam_1', 'mycofact_rSAM', 'Mycofactocin_RRE', 'mycofactocin', 'SDR_subfam_1']",1
626,"['SDR_subfam_1', 'SDR_subfam_1', 'SDR_subfam_1', 'mycofact_rSAM', 'Mycofactocin_RRE', 'mycofactocin', 'TIGR00147']",1
627,"['yidC_nterm', 'mycofactocin', 'Mycofactocin_RRE', 'mycofact_rSAM', 'SDR_subfam_1', 'SDR_subfam_1', 'AAA_5', 'VWA_2', 'actino_HemFlav', 'mycofact_creat']",1
