domains,counts
mycofactocin,665
Mycofactocin_RRE,643
mycofact_rSAM,615
actino_HemFlav,491
mycofact_glyco,458
mycofact_creat,454
mycofact_TetR,413
SDR_subfam_1,288
Rv0697,208
SDR_subfam_2,159
Pyr_redox_2~Reductase_C,115
mycofact_OYE_2,105
NDMA_methanol,93
PA_CoA_Oxy5,84
VWA_CoxE,83
mycofact_OYE_1,82
Fe-ADH,72
efflux_EmrB,71
Rxyl_3153,69
Response_reg~GerE,69
CoA_transf_3,57
Glyoxalase_6,55
Sig70_famx2,53
DNA_alkylation,52
Methyltransf_11,52
adh_short_C2,51
Aldedh,50
CYP450_TxtE,49
DUF2332,44
Pyr_redox_2,44
DDAH_eukar,41
TetR_N,38
GMC_mycofac_2,38
mft_etfB,38
AMP-binding~AMP-binding_C,37
TetR_N~TetR_C_11,35
Pyrid_ox_like,33
Orn_aminotrans,32
ETF~ETF_alpha,30
ECH_1,30
cyc_hxne_CoA_dh,29
HisKA_3,29
Peripla_BP_2,27
Methyltransf_25,26
GG-red-SF,25
glut_race,24
DoxX_3,22
AAA_5,22
pcaR_pcaU,22
Polyketide_cyc2,21
Fer4_2~Fer4,21
SnoaL_2,20
TetR_N~mycofact_TetR,20
drrA,20
Amidohydro_2,19
ETF_alpha,19
FAD_binding_3,19
AAA_5~MCM,18
P450_cycloAA_1,18
SPW,18
Mycofactocin_RRE~mycofact_rSAM,18
am_tr_V_VC1184,17
efflux_Bcr_CflA,17
CO_dehy_Mo_lg,17
betA,16
Usp,16
adh_short,15
EF-Tu,15
HisKA_3~HATPase_c_2,15
EF-G,15
COesterase,15
Rv1155_F420,15
Asp_Glu_race,15
VWA_2,14
Aldo_ket_red,14
mycofact_TetR~HTH_23,14
Phosphodiest,14
adk,14
4hydroxCoAred,13
protocat_pcaD,13
HTH_AsnC-type~MarR~Sigma70_r4,13
AcCoA-C-Actrans,13
MFS_1,12
Ac_CoA_lig_AcsA,12
AAA_5~CbbQ_C,12
SEC-C~UPF0225,12
AHSA1,12
HTH_1~LysR_substrate,12
P450_rel_GT_act,12
Transp_cyt_pur,12
GAF,11
Abhydrolase_6,11
TetR_N~TetR_C_1,11
MaoC_dehydratas,11
DUF4442,11
Creatininase,11
ETF,11
PGDH,10
BPD_transp_2,10
Beta-lactamase,10
Acetyltransf_1,10
Ribonuc_L-PSP,10
APH,10
mycofact_MftB,10
gas_vesic_GvpN,10
AAA_5~AAA,10
GG-red-SF~DAO,10
DUF779,9
phnR_burk,9
NUDIX,9
Glyoxalase,9
Flavin_Reduct,9
FAD_binding_5~CO_deh_flav_C,9
quinone_pig3,9
rpsJ_bact,9
PhyH,8
mycofact_TetR~TetR_N,8
nickel_nikB,8
2A0306,8
Peripla_BP_6,8
Gpr1_Fun34_YaaH,8
PE,8
Amidohydro_3,8
Isochorismatase,8
greA,8
TetR_C_1,8
Isochorismatase~PqqA,8
HisKA_3~HATPase_c,8
VWA_2~marine_srt_targ,8
MbtH,8
DUF222~HNH,7
HIBADH,7
MmgE_PrpD~MmgE_PrpD_C,7
2A0106,7
EutB,7
Abhydrolase_1,7
nickel_nikC,7
DUF5826~SHOCT,7
Response_reg~HTH_38~GerE,7
FeFe_hydrog_B1,7
GGDEF,7
TetR_N~betaine_BetI,7
Methyltransf_19,7
BPD_transp_1,7
FA_desaturase,7
tdh,7
CobN-Mg_chel,7
malic~Malic_M,7
GerE,7
3oxo_ACP_reduc,7
Bac_luciferase,7
HTH_20,7
DUF222,7
nickel_nikD,6
RskA,6
HTH_AsnC-type~AsnC_trans_reg,6
Voltage_CLC,6
nickel_nikE,6
DUF952,6
ABM,6
SigE-fam_strep,6
DSBA,6
DUF1707,6
TetR_N~TetR_C_33,6
TetR_N~TetR_C_31,6
TetR_N~TetR_C_24,6
AFOR_N~AFOR_C,6
TetR_C_24,6
ilvD,6
MaoC_dehydrat_N,6
COXG,6
Sirohm_synth_M~Glyoxalase_6,6
AAA_5~TsaE,6
Abhydrolase_3,6
2A0305,6
PhnU2,5
NUDIX~NYN_YacP,5
Amidase,5
LysR_substrate,5
PaaC-3OHAcCoADH,5
L3_bact,5
PA_CoA_ligase,5
TetR_N~TetR_C_6,5
HxlR,5
decarb_PcaC,5
Trans_reg_C,5
AA_permease_2,5
Fer4_15,5
Fer4_13,5
FecCD,5
citE,5
AAA_5~AAA_30,5
TetR_N~RutR,5
EAL,5
DoxX_3~DoxX,5
npdG,5
Cupin_2,5
prpB,5
rpsG_bact,5
ABC2_membrane~drrC,5
Meth_synt_2,5
SBP_bac_5,5
HTH_AsnC-type~HTH_Tnp_ISL3~AsnC_trans_reg~MarR_2,5
GG-red-SF~Pyr_redox,5
TIGR00147,5
His_Phos_1,5
Hemerythrin,5
RibD_C,5
SPW~IPTL_CTERM,5
DJ-1_PfpI,4
Hydrolase_4,4
DUF362,4
DUF397,4
DUF418,4
DUF664,4
DoxX_2,4
MR_MLE_N~MR_MLE_C,4
G3P_acyltransf,4
HTH_31,4
Lactamase_B,4
EamA,4
LCM,4
EutC,4
F420_MSMEG_2249,4
FAD_binding_2,4
LIP,4
HATPase_c_2,4
BioC~Methyltransf_11,4
Glycos_transf_2,4
Flavodoxin_2,4
MFS_1~2_A_01_02,4
/NonD,4
Methyltransf_11~Methyltransf_23,4
efflux_EmrB~MFS_1,4
Rieske~KshA_C,4
SGL,4
SHOCT,4
Sortase,4
T7SS_ESX_EspC,4
TRX_reduct,4
TetR_C_33,4
TetR_N~TetR_C_30,4
Thiolase_N,4
Transp_cyt_pur~thia_cytX,4
ccpA,4
AAA_5~26Sp45,4
ROK_glcA_fam,4
mycofact_TetR~HTH_7,4
4HBT_2,4
4HBT,4
pimC_large,4
proV,4
pucE,4
recomb_XerC,4
sda_mono,4
sixA,4
2A0121,4
xylG,4
Rce1-like,4
Thioesterase,4
PIN,4
Acyl-CoA_dh_N~Acyl-CoA_dh_M~Acyl-CoA_dh_1,4
D-hydantoinase,4
Pyridox_ox_2,4
Amino_oxidase,4
ROK,3
DUF952~Acetyltransf_1,3
DUF952~Acetyltransf_6~Acetyltransf_1,3
DinB_2,3
DoxX,3
mycofact_rSAM~rSAM_BlsE,3
mycofact_rSAM~SCM_rSAM_ScmE,3
Lipase_GDSL_2,3
mycofact_TetR~HTH_29,3
menE,3
PaaN-DH,3
heli_sec_ATPase,3
ntrB,3
fvmX3~VWA_CoxE,3
fkbM_fam,3
fabH,3
LPXTG_anchor,3
drrB,3
cztR_silR_copR,3
crcB,3
Phage_holin_3_6~SHOCT,3
catechol_dmpE,3
caca2,3
nico,3
DUF6358,3
p450,3
aprB~Fer4_2~Fer4,3
NTP_transf_9,3
DHPS,3
tartro_sem_red,3
MPAB_Lcp_cat,3
Oxidored_q2,3
DUF1059,3
MMPL,3
DUF2201~VWA_2~marine_srt_targ,3
P450_rel_GT_act~CYP450_TxtE,3
pyruv_oxi_spxB,3
DUF2614,3
DUF3293,3
DUF35_N~OB_aCoA_assoc,3
pntA,3
pimD_small,3
PNTB,3
PP-binding,3
DUF4242,3
LssY_C,3
pbp2_mrdA,3
DUF6286,3
betaine_BetI,3
adh_short~dhbA_paeA,3
FAD_binding_9~SIP,3
HTH_20~HxlR,3
Pribosyltran,3
Stand_Alone_Lasso_RRE,3
SoxR,3
SoxH_rel_PQQ_2,3
SnoaL_4~Lumazine_bd_2,3
GxGYxYP_N~GxGYxYP_C,3
SmpB,3
Hva1_TUDOR,3
HpnZ_proposed,3
SBP_bac_8,3
HTH_23~Peripla_BP_3,3
HpaR,3
Rv0697~betA,3
HTH_3~Cupin_2,3
Ribosomal_L31,3
HTH_AsnC-type~HTH_Tnp_ISL3~MarR~Sigma70_r4,3
Rhodanese,3
HTH_AsnC-type~TrmB~MarR~Sigma70_r4,3
Response_reg~Trans_reg_C~GerE,3
Response_reg~GerE~HTH_10,3
HisKA_3~GAF_2,3
HpcH_HpaI,3
TAT_signal~SBP_bac_5,3
TREH_N~Glyco_hydro_15,3
Pkinase,3
TetR_C_14~mycofact_TetR,3
FMO-like,3
adh_short~PHB_DH,3
adh_short~LPOR,3
FeS_nifS,3
acyl_WS_DGAT,3
Fer2,3
acolac_lg,3
XdhC_CoxI~XdhC_C,3
VWA,3
Fer4~Fer4_9~RLI,3
Uma2,3
Phage_integrase,3
PhdYeFM_antitox,3
Methyltransf_11~Methyltransf_25,3
GAF_2~GAF,3
GAF_2~HisKA_3,3
GAF~Trans_reg_C,3
Tex_N~HHH_6~TOBE_2~Tex_YqgF~HHH_3~HHH_9~S1,3
PhnT2,3
TetR_C_31,3
GGDEF~EAL,3
DAO,3
LysR_substrate~HTH_5,3
zwf,3
AAA_5~RuvB_N,3
B4_12hDH,3
AAA_5~Cob-chelat-sub,3
CobT_C~VWA_2~marine_srt_targ,3
Cupin_3,3
CMD,3
CpaE_hom_Actino,3
Acyl_transf_3,3
ATP-grasp_4,3
AMP-binding~AA-adenyl-dom~alpha_am_amid~Condensation~PP-binding~Thioesterase,3
AraC_binding_2~HTH_AraC,3
AAA_5~SelP_N,3
CbtA,3
CutC,3
AraC_binding_2~HTH_18,3
CSD,3
BioC~Methyltransf_25,3
ABC2_membrane_3,3
SsuA_fam,2
FAA_hydrolase,2
Clp_N,2
FAD_binding_3~NAD_binding_8,2
MMSDH,2
Spectrin~VWA_CoxE,2
MM_CoA_mutase,2
MOSC,2
FAD_binding_3~Ubi-OHases,2
F420_MSMEG_2906,2
AAA_5~AAA_16,2
Cm_res_leader~VWA_CoxE,2
AAA_5~26Sp45~Sigma54_activ_2,2
gas_vesic_GvpN~Mg_chelatase,2
SnoaL_4,2
MaAIMP_sms,2
CoA_trans,2
FAD_binding_3~Se_ygfK,2
efflux_EmrB~2_A_01_02,2
AAA_5~AAA_3,2
Sulf_transp,2
cztS_silS_copS,2
FeFe_hydrog_B1~Fer4,2
Fdhalpha-like,2
ANTAR~PAS_4~PAS_3~SpoIIE,2
Lsr2,2
dhaK1,2
TAT_signal~Peripla_BP_2,2
FUR,2
TAT_signal_seq~P_acnes_RR,2
Chorion_S16,2
FMN_reduc_MsuE,2
FMN_nitrolo,2
drrB~ABC2_membrane,2
FIST,2
T7SS_Rv3446c,2
FCD,2
BPD_transp_2~urea_trans_UrtD,2
FAD_oxidored,2
T2SSF,2
MFS_3,2
MGT,2
Esterase_PHB,2
MarR_2~HTH_IclR~MerR~HTH_Crp_2,2
Enolase_like_N~MR_MLE_C,2
Methyltransf_25~MenG_heptapren,2
Abhydrolase_1~protocat_pcaD,2
SNF,2
DapE-ArgE,2
matE,2
Dabb,2
DZR~NUDIX,2
DUF998,2
Methyltransf_23,2
Methyltransf_23~Methyltransf_11,2
DUF899,2
Methyltransf_23~mycofact_glyco,2
Methyltransf_25~TIGR00091,2
lipA,2
Abhydrolase_6~Hydrolase_4,2
mycoS_dep_FDH,2
DUF732,2
DUF72,2
MnhB,2
Condensation~AA-adenyl-dom~alpha_am_amid~PP-binding~ligase_PEP_1,2
DUF6597~HTH_18,2
SCP2,2
mycofact_TetR~Co_AT_N,2
mycofact_TetR~DUF2934,2
DUF6415~VWA_CoxE,2
Condensation~AA-adenyl-dom~PP-binding~alpha_am_amid~AMP-binding,2
ligK_PcmE,2
gcvT,2
MerR_1,2
Fer4_13~Fer4_6~Fer4_2,2
Cob-chelat-sub,2
glcD,2
MarR_2~ROK,2
ETF~mft_etfB,2
Cob-chelat-sub~VWA_2~marine_srt_targ,2
AAA_33,2
Abhydrolase_10,2
glycerol_kin,2
CobT_C~VWA_2,2
SfLAP,2
ECF_T_CbiQ,2
DivIC~phoR_proteo~sensory_box,2
hemL,2
heterocyst_DevA,2
hi_GC_TIGR00026,2
S_4TM~SHOCT,2
MerR_1~MerR,2
Condensation,2
isocit_lyase,2
SSADH,2
Metallophos,2
SRAP,2
lao,2
Fer4_13~Fer4_6,2
AAA_5~MCM~AAA_30,2
cytochro_ccmI~SHOCT,2
HbpS-like,2
WXG100,2
Whib,2
TetR_N~HTH_IclR,2
HisKA,2
HEAT_2,2
YCII,2
HisKA_3~DUF2604,2
HisKA_3~DUF3369,2
YjbR,2
HAMP~TMAO_torS~DUF883,2
YoeB_toxin,2
HisKA_3~GAF_2~DUF2604,2
HAD-SF-IB-hyp1,2
HisKA_3~GAF_3~GAF_2,2
TetR_N~DprA_WH~mycofact_TetR,2
ac_ac_CoA_syn,2
ac_ald_DH_ac,2
CBS,2
aceE,2
GntR~HTH_Crp_2,2
Peripla_BP_4,2
GntR~FCD,2
GntR~DUF6074,2
AAA_5~gas_vesic_GvpN,2
TetR_N~RelB,2
Ldh_2,2
AGP_acyltrn,2
HTH_42,2
ABC_ABC_ChvD,2
ThiS,2
Transgly_assoc,2
TgpA_N,2
Transket_pyr~Transketolase_C,2
HTH_31~MLTR_LBD,2
Tex_N~HHH_6~Tex_YqgF~HHH_3~HHH_9~S1,2
TetR_N~mycofact_TetR~RelB,2
HTH_AsnC-type~HTH_24~AsnC_trans_reg,2
HTH_AsnC-type~HTH_Tnp_ISL3~AsnC_trans_reg,2
HTH_30,2
HTH_3,2
ACC_epsilon,2
UBA_4,2
HTH_AsnC-type~HTH_Tnp_ISL3~TrmB~MarR~Sigma70_r4,2
HTH_AsnC-type~MarR,2
UPF0225,2
TetR_N~TetR_C_29,2
AA_permease,2
TetR_N~TetR_C_20,2
TetR_N~TetR_C_16,2
VWA_2~VWA_CoxE,2
HisKA_3~LD_lanti_pre,2
acr3,2
Glyoxalase_4,2
AI-2E_transport,2
bchO_mg_che_rel,2
KCNQ2_u3~N6_N4_Mtase,2
GAF_2~SpoIIE,2
bioA,2
biphenyl_bphD~pro_imino_pep_2,2
GAF_2~GerE,2
Band_7,2
cbbX_cfxQ,2
LPAM_2~Peripla_BP_2,2
LPMO_10,2
LPOR,2
Fructosamin_kin,2
FrhG,2
FmdA_AmdA,2
AAA_5~MCM~Mg_chelatase,2
CbiM,2
Ferric_reduct~PA_CoA_Oxy5,2
TIGR03086,2
TIGR02246,2
AAA_18~AAA_5,2
Fer4_2~zf-C2H2_11~Fer4,2
TIGR00268,2
Fer4_2,2
TPR_16,2
badI~ECH_1,2
Bax1-I,2
GSHPx~gpx7,2
Glycolytic,2
HpaI,2
adh_short~ADH_zinc_N,2
adh_short~AcAcCoA_reduct,2
adh_short~Epimerase,2
AAA_5~bpMoxR,2
adh_short~RhaD_aldol-ADH,2
TetR_C_1~DUF6457,2
ahcY,2
Hydrolase_3,2
TauE,2
GCV_T,2
amidohydrolases,2
TauD,2
ant_ant_sig,2
IMS~DNA_pol_lambd_f,2
GMC_mycofac_2~GMC_oxred_C,2
GGDEF_2~HTH_30,2
INV_N,2
GG-red-SF~Se_ygfK,2
Caa3_CtaG,2
Inhibitor_I36,2
DUF6403,2
Sig-70_plancto1~SigBFG,2
HTH_3~MLTR_LBD,2
DUF1648,2
Nitroreductase,2
DUF4381,2
NosD_copper_fam~Beta_helix,2
pcaJ_scoB_fam,2
4HBT_3,2
PorB_KorB,2
pcaR_pcaU~HTH_5,2
Acetyltransf_3,2
Pox_RNA_pol_35~Glyoxalase_6,2
pcrA,2
DUF4232,2
OB_aCoA_assoc,2
DUF4191,2
DUF4190~Septum_form,2
Response_reg~HTH_28~GerE,2
DUF1656,2
2A0114,2
udk,2
4OH_2_O_val_ald,2
Cyclase,2
trehalose_treC,2
PhoB,2
ArsA_ATPase~ArsA_HSP20,2
AcylCoA_DH_N~Acyl-CoA_dh_N~Acyl-CoA_dh_M~Acyl-CoA_dh_1~Acyl-CoA_dh_C,2
Arabinose_Isome~Arabinose_Iso_C,2
Acyl-CoA_dh_N~Acyl-CoA_dh_1,2
Na_H_Exchanger,2
DUF520,2
DUF5134,2
ntrC,2
DUF1254~DUF1214,2
Ni_hydr_CYTB,2
DUF1524,2
oxido_grp_1,2
sulfur_SfnB~Acyl-CoA_dh_1~Acyl-CoA_dh_2,2
Acetyltransf_5,2
phn_lysR,2
phoR_proteo~sensory_box,2
ApbE,2
PDGLE,2
PDH_E1_alph_x,2
DUF347,2
2a6301s01~Proton_antipo_M,2
RHH_1,2
Cupin_6~HTH_18,2
2a6301s01,2
PHA_depoly_arom,2
Pyridoxal_deC,2
2TM,2
Pyr_redox_3~Pyr_redox_2,2
DUF3040,2
rluA_subfam,2
Aminotran_1_2,2
Putative_PNPOx,2
CsbD,2
ptsS_2,2
potA,2
RelA_SpoT,2
Oxidored_FMN,2
sigpep_I_arch,2
DUF4131,2
sigma70-ECF,2
DUF4097,2
DUF2201~VWA_CoxE,2
PASTA,2
Acetyltransf_6,2
Ran-binding,2
Rad50_zn_hook~NUDIX,2
RPE65,2
DUF3887,2
PAP2,2
DNA_binding_1,2
DUF4386,2
rplD_bact,2
Peptidase_S9_N~Peptidase_S9,2
DJC28_CD,2
mycofact_rSAM~rSAM_for_selen,2
RuBisCO_small,2
RutC~Ribonuc_L-PSP,2
NAD_binding_2~2-Hacid_dh_C,2
PepSY_TM,2
DUF6131,2
AbiEi_1~MTES_1575,2
DHquinase_II,2
Mycofactocin_RRE~mycofact_MftB,2
urea_trans_UrtE,2
mycofact_TetR~TetR_N~HTH_23,2
N-Ac-Glu-synth,2
Cons_hypoth698,2
SAICAR_synt,2
DUF6232,2
NAD_binding_10,2
DLH,2
AbiEi_4~MTES_1575,2
SBD_N~NBD_C,2
Ring_hydroxyl_B,2
CydD,2
MucB_RseB_C,2
AbiEi_1~DUF559,2
zinc_ribbon_10~Rubredoxin~Rubredoxin_2~zinc_ribbon_2,2
ABM~chlorocat_1_2,1
PsbN,1
ABC_choXWV_perm,1
TctC,1
ABC2_membrane~phenyl_ABC_PedC,1
TPR_2~T7SS_EccA~spore_V_K,1
Prok-E2_B~ThiF,1
TPR_2,1
TetR_C_11,1
TetR_N~mycofact_TetR~betaine_BetI,1
ThrE,1
TetR_C_11~HTH_IclR,1
TetR_C_11~NPV_P10~VWA_CoxE,1
PrmC_N,1
TetR_C_11~TetR_N~LacI~HTH_23,1
Thiolase_C~TLP1_add_C,1
TetR_C_14~TetR_N~TetR_C_32,1
AMP-binding~4_coum_CoA_lig,1
Phage_holin_4_2,1
ThuA,1
Pro_dh~Aldedh~aldehy_Rv0768,1
Pro-kuma_activ~Peptidase_S8,1
TetR_C_1~HTH_24~MarR_2,1
PrmC_rel_meth,1
Pyr_redox_3,1
Phage_holin_5_2,1
Pyr_redox_2~Ubi-OHases,1
TSP3_bac~Dockerin_1~TSP_3,1
TctB,1
Phage_holin_3_6~Spore_YhaL,1
TTC,1
PetG~DUF6404,1
PetM,1
AMP-binding~Dimerisation,1
Acyl-CoA_dh_1~Acyl-CoA_dh_M,1
ThiF,1
PfkB,1
PhaG_MnhG_YufB,1
Pyr_redox_2~Pyr_redox,1
TarH,1
TarH~formate_TAT,1
Phage_TAC_6~DUF6052,1
Pyr_redox_2~NAD_binding_8~Reductase_C,1
Pyr_redox_2~NAD_binding_8,1
Acyl-CoA_dh_2~Acyl-CoA_dh_M~Acyl-CoA_dh_1,1
AidB_N~Acyl-CoA_dh_M~Acyl-CoA_dh_1,1
AMP-binding~ECH_1,1
TRAP_alpha~Peripla_BP_6,1
PvlArgDC,1
TPR_4~LCM,1
Tex_YqgF,1
Tex_N~TOBE_2~Tex_YqgF~HHH_3~HHH_9~S1,1
PutA_N~Pro_dh,1
Tautomerase,1
PucR~HTH_30,1
TctA,1
Pse_Me-ase~Methyltransf_11,1
Pyr_redox_2~TRX_reduct~Reductase_C,1
AHSA1~MarR_2~HTH_Crp_2~GntR,1
TetR_N~kleA_kleC~mycofact_TetR,1
Pkinase~WD40,1
Acyl-CoA_dh_N,1
ADC,1
Pkinase~DUF4189,1
TetR_N~HTH_7,1
TetR_N~HTH_5~betaine_BetI,1
Pkinase~TPR_MalT~AAA_25~TPR_12~TOMM_kin_cyc,1
TetR_N~HTH_24~TetR_C_24,1
TetR_N~TetR_C_13,1
TetR_N~HTH_11~VWA_3,1
TetR_N~TetR_C_24~HTH_23,1
TetR_N~HTH_11,1
TetR_N~TetR_C_24~HTH_AraC,1
TetR_N~TetR_C_24~HTH_AsnC-type,1
Pkinase~WD40~Proteasome_A_N,1
PilZN1,1
TetR_N~TetR_C_11~betaine_BetI,1
TetR_C_1~HTH_24~TetR_N,1
TetR_N~LacI~HTH_IclR,1
TetR_N~RutR~TrmB,1
Acyl_transf_3~SGNH,1
TetR_N~Radical_SAM_N2~betaine_BetI,1
PhnU2~TrbK_Ti,1
TetR_N~RHH_4,1
TetR_N~MarR_2~TetR_C_29,1
ADH_N_assoc,1
TetR_N~TetR_C_11~RutR,1
TetR_N~HTH_AsnC-type,1
PhoR,1
PhnE~ntrB,1
TetR_N~TetR_C_11~HTH_IclR,1
Phosphodiest~chol_sulfatase,1
TetR_N~HTH_8~mycofact_TetR,1
Pyr_redox_3~NAD_binding_8,1
Phenol_MetA_deg,1
ACT~ACT_4,1
AIM24,1
TetR_C_6,1
Phasin~NRN1,1
Ppx-GppA,1
PqqD_rel_X~Methyltransf_23~mycofact_glyco,1
TetR_N~betaine_BetI~mycofact_TetR,1
TetR_C_31~HARE-HTH,1
TetR_C_24~HTH_AsnC-type~HTH_23,1
PknH_C,1
TetR_N~RelB~betaine_BetI,1
Phage_tail_APC,1
AdoHcyase_NAD~2-Hacid_dh_C,1
ALC,1
Acyl-CoA_dh_M~Acyl-CoA_dh_1,1
Phage_int_SAM_3~Phage_integrase,1
TetR_N~TipAS,1
TetR_C_6~TetR_N~TetR_C_11,1
AHSA1~Polyketide_cyc2,1
PpsR-CrtJ~ntrC~HTH_8,1
ACPS,1
PpsR-CrtJ~AAA_18~ntrC~HTH_8,1
Ad_Cy_reg~Guanylate_cyc,1
TetR_N~AAA_8~MoaE,1
ACT,1
Phenol_Hydrox~YHS,1
TetR_N~ACT_3,1
TetR_N~TetR_C_31~betaine_BetI,1
Acyl-CoA_dh_M~Acyl-CoA_dh_1~pimC_large,1
TetR_N~TetR_C_31~RutR,1
ACT_7~EAL~DUF4398,1
TetR_N~DprA_WH,1
Polbeta,1
Prenyltransf,1
SCF,1
Pyr_redox_3~NAD_binding_9,1
AcetylCoA_hydro~butyr_acet_CoA,1
Se_ssnA,1
Rieske,1
AcAcCoA_reduct,1
Sdh_cyt,1
RraA-like,1
Rrf2,1
Rsa3~FA_desaturase,1
AbrB~Gneg_AbrB_dup,1
SWIM~SNF2-rel_dom~Helicase_C,1
SUFU,1
STAS_2,1
SSI,1
Rsm22,1
RuBisCO_large_N~RuBisCO_large,1
RuMP_HxlA,1
Rubredoxin~zf-RanBP~UPF0547~zf-C2H2~Rubredoxin_2,1
SQHop_cyclase_C,1
Ricin_B_lectin,1
Secretin_N,1
Ribosomal_S9,1
SigZ,1
SnoaL,1
ATPase-IB1_Cu~ATPase-IB_hvy~Hemerythrin,1
Ribonucleas_3_2~Methyltransf_25,1
Ribosomal_60s~SHOCT,1
Ribosomal_L29e~Methyltransf_23~Methyltransf_11~DMRT5_DMB,1
SlyX,1
ATPgrasp_YheCD,1
SigE-fam_strep~HTH_Tnp_ISL3,1
Ribosomal_L4,1
Ribosomal_L30_N,1
AcCoA-C-Actrans~DUF6344,1
SigBFG,1
Abhydrolase_1~FAD_binding_2~Abhydrolase_6,1
Tic110,1
SiaC,1
Ribosomal_L36,1
Rv0697~PCDO_beta_N,1
Abhydrolase_1~menH_SHCHC,1
SPW~BNR,1
SDR_subfam_1~DUF3645,1
SDR_subfam_2~pter_reduc_Leis,1
SDR_subfam_2~mycofact_glyco,1
SDR_subfam_2~SDR_subfam_1,1
SBP_bac_1,1
SBP_bac_11,1
Abhydrolase_6~LIP,1
SBP_bac_11~VWA_CoxE,1
Abhydrolase_8~VWA_CoxE,1
SBP_KPN_01854,1
SDH_alpha,1
SCP_3,1
SBP_bac_3,1
SBP_bac_6,1
SCM_rSAM_ScmF~rSAM_Geo_metal,1
SCM_rSAM_ScmE,1
AbiEi_1,1
SEC-C~EKR~UPF0225,1
Abhydrolase_6~BD-FAE,1
AbiEi_4~AbiEi_1,1
S4_2,1
SPC25~isochor_syn,1
SP,1
AbiEi_1~DUF6003,1
Rxyl_3153~zf_UBZ,1
S-methyl_trans,1
SMI1_KNR4,1
SMC_prok_B,1
SLT_2,1
SGNH,1
SLAC1,1
SKI,1
SAM_DCase_Bsu~speE,1
SIR2_2,1
Abhydrolase_2,1
SHMT,1
SH3_and_anchor~MCPsignal~DUF1664~HAMP,1
SnoaL_2~SnoaL_4,1
Acetyltransf_10,1
TPR_14,1
Acetyltransf_1~SBF_like,1
TIGR03847,1
SCFA_trans,1
RNase_II_C_S1,1
TIGR03083,1
RNase_PH_C~sensory_box~TMAO_torS,1
TIGR00702,1
Acetyltransf_9~Acetyltransf_17~SCP2_2,1
TIGR00292~Pyr_redox_2,1
TIGR00276~Fer4_10~Fer4~Fer4_2~SCP2,1
Acetyltransf_9~Acetyltransf_1,1
AMPK1_CBM~Alpha-amylase~DUF3459~CBM_20,1
TIGR00145,1
TIGR00096,1
TF_pcaQ~MarR,1
TF_pcaQ,1
TF_Zn_Ribbon~DUF2387,1
TFIID_30kDa,1
TIGR03943,1
RNA_replicase_B~AAA_19~Viral_helicase1,1
TMEM138~SHOCT,1
TOMM_kin_cyc,1
TPR_12,1
TPP_enzyme_M~ETF_alpha,1
TOMM_pelo~Sulfotransfer_4,1
TOMM_kin_cyc~GerE,1
TOMM_kin_cyc~AAA_16~TPR_9~TPR_12~GGDEF,1
Pyr_redox_3~sms~NAD_binding_8,1
Acyl-CoA_dh_1,1
TOBE_2~HNH,1
TMEM72,1
AcnX_swivel_put,1
TOBE_2,1
TOBE,1
TNFR_16_TM~Perilipin,1
RCC1_2~RCC1,1
TMP-TENI,1
TMEM_230_134,1
TENA_THI-4,1
TAT_signal~chitin_NgcE~SBP_bac_1~SBP_bac_8,1
TAT_signal~TAT_signal_seq~SBP_bac_5,1
Spermine_synth,1
SucB_Actino,1
Stand_Alone_Lasso_RRE~Transglut_core3,1
APH~AAA_33,1
Response_reg~HTH_38~GerE~HTH_10,1
SpoU_methylase,1
Response_reg~HTH_38~HTH_23~GerE,1
SpoIIE,1
APP_amyloid,1
Sulfatase,1
APS_reductase,1
AP_endonuc_2,1
Response_reg~HTH_7~GerE,1
Sod_Cu,1
ASH~DUF3048~DUF3048_C,1
Response_reg~TMAO_torS,1
Acetyltransf_1~wecD_rffC,1
Response_reg~HTH_29~GerE,1
SurA_N_3~Rotamase_3~Trigger_C,1
Rce1-like~T4SS_pilin,1
Reductase_C,1
RecA,1
TAT_signal~SBP_bac_1,1
Redoxin,1
TAT_signal~DUF1254,1
TAT_signal_seq~RNase_Z,1
TAT_signal_seq~Peripla_BP_4,1
TAT_signal_seq~MPAB_Lcp_cat,1
Resolvase~Recombinase~Zn_ribbon_recom,1
T2SSE_N,1
TAT_signal_seq~CycNucDiestase,1
Response_reg,1
AOX,1
Acetyltransf_4,1
Response_reg~HTH_24~GerE,1
T2SSM,1
Response_reg~HTH_28~HTH_IclR~GerE,1
TIGR03843,1
acid_CoA_mut_N,1
Tir_receptor_C~T2SSF,1
mycofactocin~DUF2080,1
mycofact_rSAM~zf-RAG1,1
mycofact_rSAM~rad_SAM_trio,1
mycofact_rSAM~rSAM_ahbC_deAc,1
mycofact_rSAM~rSAM_QueE_gams,1
mycofact_rSAM~rSAM_NirJ,1
AAA_16~Fe_dep_repress,1
mycofact_rSAM~quino_hemo_SAM,1
mycofact_rSAM~pilus_cpaD,1
AAA_16~HTH_23~Sigma70_r4_2~TPR_19~TOMM_kin_cyc~GerE,1
mycofact_rSAM~NIR_SIR_ferr,1
mycofact_rSAM~Fer4_14,1
mycofact_rSAM~DUF6059,1
mycofact_rSAM~Bradykinin,1
AAA_16~HTH_23~TPR_MalT~TPR_2~GerE,1
mycofact_glyco~ovoA_Cterm,1
mycofact_glyco~glyco_like_mftF,1
mycofact_glyco~ProTailRpt,1
mycofact_glyco~DUF5122,1
mycofact_glyco~Apelin,1
AAA_16~HTH_47~TPR_19~HTH_23~GerE,1
AAA_16~PQQ_ABC_repeats~DUF6476~WD40~PD40~ANAPC4_WD40,1
mycofact_TetR~xxxLxxG_by_4,1
AAA_16~TPR_2~HTH_20~HTH_7~TPR_14~Sigma70_r4_2~GerE,1
AAA_16~Apidaecin,1
mycofactocin~NPR,1
mycofact_TetR~Sigma70_r4_2~Sigma70_r4,1
myo_inos_iolC_N,1
4HB_MCP_1~MCPsignal~AI-2E_transport~HAMP,1
panF,1
padR_acidobact,1
oxalate_oxc,1
oxalate_frc,1
omega_3_PfaA~PT_fungal_PKS~mycoS_dep_FDH~crot-CoA-red~KR~malonate_mdcH,1
omega_3_PfaA,1
ogt,1
nuoF_fam,1
ntrC~HTH_8,1
AA-adenyl-dom,1
nqrF~Fer2,1
AA-adenyl-dom~alpha_am_amid~Condensation,1
nitrile_beta~SHOCT,1
nitrile_alph,1
nitrile_acc,1
AA-adenyl-dom~alpha_am_amid~Condensation~AMP-binding,1
nickel_nikE~sufC,1
AA-adenyl-dom~cyc_hxne_CoA_lg~alpha_am_amid,1
AAA_14~DUF4143,1
AAA_16,1
AAA_16~ATPase_2,1
near_uncomplex,1
mycofact_TetR~TetR_C_14,1
mycofact_TetR~MerR,1
pcaR_pcaU~HTH_24,1
modA,1
mmdA,1
mmCoA_mut_beta~lao~Tho1_MOS11_C~MM_CoA_mutase,1
mmCoA_mut_beta~lao~KfrA_N~MM_CoA_mutase,1
AAA_19~UvrD_C_2,1
meth_Rta_06860~Methyltransf_25,1
met_syn_B12ind,1
met_pdase_I,1
metW~Methyltransf_11~Methyltransf_25,1
menH_SHCHC,1
AAA_22~NACHT~TPR_12~AAA_25~GerE,1
AAA_22~NB-ARC~AAA_16~TPR_19~TPR_2~GerE,1
malate_syn_A,1
maiA~VWA_CoxE,1
lysA,1
lp_hng_hel_AbrB,1
lp_,1
leuA_yeast,1
ksgA,1
kduD,1
ispH_lytB,1
integ_memb_HG,1
AAA_26~DRTGG~pta,1
hslU~AAA_5~RuvB_N~SelP_N,1
moaA,1
modB_ABC~RR_fam_repeat,1
mycofact_TetR~LacI,1
modC_ABC,1
mycofact_TetR~HTH_8,1
mycofact_TetR~HTH_7~HTH_AraC,1
AAA_18,1
mycofact_TetR~HTH_29~HTH_23,1
mycofact_TetR~HTH_25,1
AAA_18~AAA_5~CbbQ_C~KRTAP,1
mycofact_TetR~HTH_22,1
mycofact_TetR~DprA_WH,1
mycofact_TetR~Cecropin,1
mycofact_TetR~ANTAR,1
AAA_18~AAA_5~RuvB_N,1
mycofact_OYE_2~ETF_alpha~GG-red-SF,1
mycofact_OYE_2~AlaDh_PNT_C,1
AAA_18~AAA_5~chaperone_ClpB,1
mycofact_OYE_1~Thi4,1
mycofact_OYE_1~FAD_oxidored,1
AAA_18~AAA_5~chaperone_ClpB~CbbQ_C~SelP_N,1
mycofact_MftB~mycofact_rSAM,1
AAA_18~PpsR-CrtJ~PEP_resp_reg,1
murB,1
mucon_cyclo,1
muco_delta,1
mod_HExxH,1
pcaF,1
pcaR_pcaU~HTH_IclR,1
hmgA,1
thioredoxin~Thioredoxin_7,1
thiazolyl_GetA,1
thiaz-red,1
thiamin_ThiO,1
thiS,1
therm_gnt_kin,1
tesB,1
tat_substr_1,1
2A0115~2A0109,1
tRNA_edit,1
tRNA_TsaA,1
symport_actP,1
sulphoacet_xsc,1
sulfur_SfnB~Acyl-CoA_dh_M~Acyl-CoA_dh_2,1
sulfur_SfnB~Acyl-CoA_dh_2,1
soxG,1
2A0121~cNMP_binding,1
sir,1
short_TIGR02808~Kinocilin,1
serS,1
serC_3,1
septum_zipA,1
sensory_box,1
selen_ocin~Ricin_B_lectin,1
thiocyan_alph,1
thiovirid_RiPP,1
selen_ocin~Esterase_PHB~Hydrolase_4,1
thiovirid_RiPP~DUF3828,1
zf-ribbon_3,1
zf-RVT~HNH_5,1
zf-NADH-PPase~zf-ribbon_3~NUDIX,1
zf-HC3,1
zf-HC2~trp_oprn_chp,1
zf-HC2~YtpI,1
zf-CDGSH~Rieske,1
yidC_nterm,1
xylG~ECF_ATPase_2,1
23dbph12diox,1
xseB,1
xseA,1
xanthine_xdhC~XdhC_C,1
uvra,1
urea_trans_UrtD,1
urea_carbox~ACC_central~Carboxyl_trans,1
urea_carbox,1
uraD_N-term-dom,1
ung,1
trp_arylform,1
trpS,1
trmU,1
tolA_full~NLPC_P60,1
selen_ocin~Peripla_BP_2,1
selen_ocin,1
pdxA,1
purD,1
pter_reduc_Leis,1
3-dmu-9_3-mt,1
protocat_pcaD~DUF3320,1
3A0103s03R~NMT1,1
protocat_beta,1
protocat_alph,1
pro_imino_pep_2,1
pro_imino_pep_1,1
proV~MsbA_rel,1
3HCDH_RFF~Trans_reg_C,1
polyprenyl_synt~DUF5372,1
3a0106s02,1
3a0107s01c2,1
3a0107s02c,1
phosphate_pstC,1
phoR_proteo~Response_reg,1
phoR_proteo,1
phnR_burk~FCD,1
3oxo_ACP_reduc~kduD,1
pgm,1
permease_CysT~BPD_transp_1,1
pepN_strep_liv,1
pdxH,1
3-alpha~VWA_CoxE,1
purE~AIRC,1
2A1904,1
purF,1
salicylate_mono,1
sCache_3_3~HAMP~sCache_3_2,1
sCache_3_2~HD,1
sCache_2,1
rve_3~HTH_21~HTH_32,1
rve_3,1
rpsL_bact,1
2a38,1
rpoC_TIGR,1
rpoB,1
rplM_bact,1
rpiB_lacA_lacB,1
rpiA,1
rimK_fam,1
ribP_PPkin,1
ribB,1
recomb_XerD,1
recomb_XerC~Phage_integrase,1
recQ~Pribosyltran,1
rad_SAM_trio~mycofact_rSAM,1
2a6301s04~Proton_antipo_M,1
pyruv_carbox,1
pyrE,1
hslU~AAA_5~AAA,1
his_ut_repres~HTH_41,1
Tmemb_185A,1
AAA_5~bpMoxR~VWA_CoxE~Cob-chelat-sub,1
aden_deam,1
AAA_5~ccmA~AAA_16~bpMoxR~marine_srt_targ,1
actino_HemFlav~enACPred_II,1
actino_HemFlav~IMP_dehydrog,1
AAA_5~chaperone_ClpB~CbbQ_C,1
actII,1
aconitase_1,1
AAA_5~chaperone_ClpB~gas_vesic_GvpN,1
acidobact_VWFA~VWA_2,1
acid_CoA_mut_C,1
accC~pyruv_carbox,1
a_cpa1,1
Zn_peptidase,1
Zeta_toxin,1
ZT_dimer~CDF,1
YqhR~Anthrone_oxy,1
YqgC~DDAH_eukar,1
YqfQ~SBP_bac_5~K_channel_TID,1
YqeY,1
YhhN,1
YceI,1
YGGT,1
XylB~gntK_FGGY,1
adh_fam_2,1
AAA_5~bpMoxR~IPT,1
AAA_5~fruc_bis_ald_,1
adh_short~23BDH,1
araD,1
aprB~Fer4~Fer4_9,1
aprB~Fer4_2~zf-C2H2_11~Fer4,1
aprB~Fer4_2,1
anti_R_Lar,1
ant_ant_sig~STAS_2,1
amphi-Trp~Lsr2,1
AAA_5~TIGR02928~AAA_29,1
alk_sulf_monoox,1
aldehy_Rv0768,1
alaDH,1
ahpD_dom,1
adk~AAA~cmk,1
adk~AAA~26Sp45,1
AAA_5~TIGR02928~bpMoxR,1
adh_short~pter_reduc_Leis,1
adh_short~npdG,1
AAA_5~Tecti-min-caps,1
adh_short~TrkA_N,1
adh_short~SDR_subfam_2,1
adh_short~SDR_subfam_1,1
AAA_5~UreE_C,1
adh_short~HpnA,1
XylB,1
Xan_ur_permease,1
aroA~cyc_hxne_CoA_lg,1
UPF0014,1
Trypsin_2~TPR_16~DZR,1
Trypsin,1
Trns_repr_metal,1
TrmB,1
TrkH~DUF6112,1
TrkA_N~TrkA_C,1
TrkA_C,1
Tricorn_PDZ~Lon_C~spore_lonB,1
TrbC,1
Transposase_mut,1
Transposase_20,1
Transport_MerF,1
ABATE~zf-CGNR,1
ABC2_membrane,1
Transglycosylas,1
Transglut_core,1
Trans_reg_C~PaaX,1
Trans_reg_C~BTAD~AAA_22~PhoH,1
Trans_reg_C~BTAD~AAA_16~HlyD_D4~mobB~TOMM_kin_cyc,1
TraW_N~F5_F8_type_C~Glyco_hydro_92N~Glyco_hydro_92,1
TraG-D_C,1
Tombus_P33,1
TmoB~AAA_5,1
UBA~AAA_5~CDC48,1
UPF0182,1
Wzz,1
UTRA,1
WzyE,1
VirB3~Peptidase_M48,1
VapB_antitoxin,1
VWA~VWA_2~marine_srt_targ,1
VWA_CoxE~marine_srt_targ,1
VWA_CoxE~Ribosomal_S30AE,1
AAA_5~heterocyst_DevA~AAA_28,1
VWA_3~VWA_2~marine_srt_targ,1
AAA_5~ruvB~bpMoxR,1
VWA_2~Cob-chelat-sub,1
AAA_lid_2~AAA_5~AAA_3,1
AAA_lid_2~AAA_5~spore_lonB,1
VTC,1
VMA21~HisKA_3~HATPase_c,1
VMA21,1
VKOR,1
VI_IcmF,1
VIGSSK~mycofactocin,1
Usp~DUF2478,1
UreD,1
Umbravirus_LDM~VWA_CoxE,1
ABATE,1
Ubiq_cyt_C_chap~TetR_N~TetR_C_15,1
argG,1
aroB,1
hemeryth_dom,1
fpg,1
formate_TAT~Glyco_hydro_3~Glyco_hydro_3_C~Fn3-like,1
formate_TAT~Cutinase,1
formate_TAT~Catalase,1
formate-DH-alph,1
flgA_cterm,1
flavo_MJ0208,1
AAA_5~AAA_16~VWA_CoxE,1
fdx_isc,1
fdhA_non_GSH~ADH_N_assoc,1
fdhA_non_GSH,1
fabF,1
fa_ox_alpha_mit~PaaB1,1
exp_by_SipW_III,1
eno,1
enACPred_II,1
efflux_EmrB~TRI12,1
AAA_5~AAA_33,1
AAA_5~CbbQ_C~SelP_N,1
eda,1
ectoine_ehuD,1
ectoine_ehuC,1
ectoine_ehuA,1
AAA_5~Cob-chelat-sub~VWA_CoxE,1
formate_TAT~NosD_copper_fam~Beta_helix_2,1
fumC_II,1
AAA_5~DTMP_kinase~Mg_chelatase~VWA_CoxE,1
fum_ac_acetase,1
hemK_rel_arch~Methyltransf_11~DUF4031,1
hemK_rel_arch~BioC~Methyltransf_11,1
AAA_28,1
guaA_Nterm~guaA_Cterm,1
gshA_cyan_rel,1
AAA_29~SMC_prok_A~AAA_23~SbcC_Walker_B,1
gntK_FGGY,1
glycosyl_450act,1
glycerol3P_GlpA,1
glycerol3P_DH,1
glucar-dehydr,1
glucan_glucosid,1
gltA~Shikimate_DH~gltD_gamma_fam,1
glgC,1
gentisate_1_2,1
gcvP,1
gcvH,1
gatC,1
gas_vesic_GvpN~selen_PSTK,1
gas_vesic_GvpN~bpMoxR,1
gas_vesic_GvpN~VWA_CoxE,1
gas_vesic_GvpN~KRTAP,1
gas_vesic_GvpN~AAA_30~VWA_CoxE,1
drrA~BCA_ABC_TP_C,1
dnlj~HHH,1
ars_reduc_gluta,1
cis_trans_EpsD~SHOCT,1
choice_anch_A~PAS_4~EAL,1
chitin_NgcE~SBP_bac_1,1
chaperone_ClpB~VI_ClpV1,1
chaperone_ClpB~AAA_5~CbbQ_C~SelP_N,1
cdk7~SecA2_Mycobac~E1-E2_ATPase~secA~SecA2_Bac_anthr~HTH_23,1
ccpA~Peripla_BP_3,1
ccpA~HTH_CodY~Peripla_BP_3~HTH_11,1
AAA_5~Mg_chelatase~AAA_29,1
AAA_5~Mg_chelatase~BchD-ChlD,1
catachol_actin,1
carboxysome_A,1
cNMP_binding~Amino_oxidase,1
betaine_BetI~TetR_N,1
AAA_5~RuvB_N~26Sp45,1
AAA_5~RuvB_N~SelP_N,1
benzo_1_2_benA~DUF6006,1
benzo_1_2_benA,1
benz_CoA_lig,1
bchC,1
bacter_Pnkp,1
bacter_Hen1,1
asp_race,1
asnS,1
chol_sulf_TF~MarR,1
cit_synth_II,1
dnlj,1
cobA_cysG_Cterm,1
dienoyl_CoA_hyt~RHH_4~ECH_1,1
AAA_5~DUF1869~AAA_33,1
dapB~DAP_DH_C,1
dak_ATP,1
dCache_1~TMEM132D_C~SpoIIE,1
dCMP_cyt_deam_1~SNAD4,1
cztS_silS_copS~sCache_3_3~TMAO_torS,1
cztS_silS_copS~phoR_proteo,1
cztS_silS_copS~LPXTG_anchor~HAMP~phoR_proteo,1
cztS_silS_copS~HAMP~phoR_proteo,1
AAA_5~DUF4402,1
cytochro_ccmI,1
cytochr_NrfH,1
cyt_deam_tetra,1
cysteate_syn,1
cysG_Nterm,1
cyclo_dehyd_2,1
cyc_hxne_CoA_dh~Acyl-CoA_dh_2,1
crcB~Aldedh,1
AAA_5~MCM~AAA_30~gas_vesic_GvpN~BchI-ChlI,1
couple_hipB~MLTR_LBD,1
cognate_SipW~SPX,1
cobS,1
AlbA_2~HTH_32~HTH_20~HATPase_c_4,1
Cytidylate_kin~AAA_5~AAA_16,1
Alginate_lyase2,1
F420_Rv3520c,1
FAD_binding_3~crtI_fam,1
FAD_binding_3~TrkA_N,1
FAD_binding_3~Thi4,1
FAD_binding_3~Big_6,1
Clp_N~FoP_duplication,1
FAA_hydrolase~RraA-like,1
F5_F8_type_C~B_ant_repeat~CARDB~Beta_helix,1
F420_oxidored~tartro_sem_red,1
F420_oxidored~gnd_rel,1
F420_cofE,1
F420_cofD,1
F420_Rv2161c,1
Epimerase,1
F420_Rv1855c~F420_G6P_family,1
F420_Rv1855c~Bac_luciferase,1
F420_MSMEG_2256,1
F420H2_quin_red,1
F420-0_ABC_ATP,1
Exo_endo_phos,1
Excalibur~EF-hand_5,1
EutK_C~DDAH_eukar,1
Cm_res_leader~drrB,1
Esterase,1
EspA_EspE,1
FAD_binding_3~mycofact_OYE_1,1
FAD_binding_3~mycofact_OYE_2,1
FAD_binding_4,1
FAD_binding_4~FAD_lactone_ox,1
Chlorophyllase2~BD-FAE~PAF-AH_p_II,1
Chlorophyllase2~LIP,1
FdhD-NarQ~NTP_transf_3,1
FdhD-NarQ,1
Fasciclin,1
FadJ,1
F_bP_aldolase,1
FUSC_2,1
FTHFS~FTCD_C,1
FSH1~LIP,1
FR47,1
FMO-like~DUF5710,1
FMN_bind,1
FKBP_C,1
FGE-sulfatase,1
FDH-beta~Fer4,1
FA_desaturase~DUF3099,1
Chorismate_bind~GATase,1
FAM70~DUF3040,1
FAD_binding_9~SIP~Dimerisation2~Phage_coatGP8,1
Chorismate_bind~PabB-fungal,1
CitMHS,1
FAD_binding_4~glcD,1
Epimerase~HpnA,1
Eno-Rase_FAD_bd,1
ChW,1
DegT_DnrJ_EryC1,1
Docking~omega_3_PfaA~PS-DH~Ketoacyl-synt_C~PP-binding,1
Docking~omega_3_PfaA~PS-DH~KR~PP-binding,1
Docking~ketoacyl-synt,1
Docking~bZIP_1,1
DnaJ_CXXCXGXG~zf-ACC~zf-RING_7~zf-TFIIB,1
DivIC~PAS_4~HisKA,1
DivIC,1
Diphtheria_C~LVIVD,1
Dimerisation2~Methyltransf_2,1
Diacid_rec~HTH_30,1
Dehydratase_hem,1
DcuC~CotJA,1
EcKL,1
DctQ,1
DapC_direct,1
DZR~zinc_ribbon_2~NUDIX,1
DZR~zf-ribbon_3~zinc_ribbon_2~UPF0547~NUDIX,1
DZR~SHOCT,1
DUF998~LssY_C,1
DUF998~APH,1
DUF952~DUF1205~Acetyltransf_1,1
DUF952~Acetyltransf_7~Acetyltransf_1,1
DUF952~Acetyltransf_6~Acetyltransf_7,1
Condensation~AA-adenyl-dom~PP-binding~alpha_am_amid~Thioesterase,1
Docking~omega_3_PfaA~PS-DH~PP-binding~fabD~Thioester-redct~menH_SHCHC~PT_fungal_PKS~malonate_mdcH,1
DotU,1
Condensation~AA-adenyl-dom~PP-binding~D-ala-DACP-lig~NRPS-para261~alpha_am_amid~ligase_PEP_1,1
Condensation~AA-adenyl-dom~AMP-binding~PP-binding~alpha_am_amid,1
E_Pc_C,1
EVE,1
ETF~DUF1127~ETF_alpha,1
ETF_alpha~ETF,1
ETF_alpha~DUF5559,1
CobG,1
CobT_C~Rnk_N~VWA_2~marine_srt_targ,1
EMP70~SCF,1
ELFV_dehydrog_N~ELFV_dehydrog,1
EHN~protocat_pcaD~Abhydrolase_1,1
EHN~bchO_mg_che_rel,1
EHN,1
EF_0839,1
EF-G~GETHR,1
ECH_2~PaaB1,1
ECH_2~ECH_1,1
CobW_C,1
EAL~DICT,1
Colicin_V~Trypsin_2,1
E1-E2_ATPase~NLPC_P60,1
DprA_WH~recQ~Pribosyltran,1
DprA_WH~HTH_11~HTH_29~Sigma70_r4_2~HTH_30,1
Collagen_mid~Peptidase_M3_N,1
FeFe_hydrog_B1~zf-C2H2_11,1
Ceramidase_alk~Ceramidse_alk_C,1
Condensation~AA-adenyl-dom~alpha_am_amid~PP-binding~AMP-binding,1
GSP_synth,1
GldE,1
GldA_ABC_ATP,1
GlcNAc_2-epim,1
GerE~HTH_29~DDE_3~HTH_28,1
GerE~HTH_10,1
GerE~HD_5~Nterm_IS4,1
GerE~HD_5~HTH_29~Nterm_IS4~near_KaiC_dom,1
CSLREA_Nterm~Mycofactocin_RRE,1
G_glu_transpept,1
GYD,1
GT87~PMT_2,1
GSH_gloB~tRNA_sel_U_synt~Rhodanese,1
GG-red-SF~GMC_oxred_N,1
GSDH~CBM_2,1
GRDB,1
GOGAT_sm_gam,1
GNAT_like,1
GMC_oxred_C,1
GMC_mycofac_2~PqqA,1
CUE~CMD,1
CYTH~CHAD,1
C_GCAxxG_C_C,1
GG-red-SF~nadB,1
GG-red-SF~UDP-GALP_mutase,1
Gly_transporter,1
Glyco_hydro_12,1
Glyco_hydro_25~PG_binding_1,1
Glyco_hydro_32N,1
GreA_GreB_N~GreA_GreB,1
COXG~GC_trans_RRR,1
GntR~TrmB~HTH_5~HTH_Crp_2,1
GntR~MarR,1
GntR~HTH_20~HTH_Crp_2,1
GntR~FCD~HTH_11~MarR_2,1
GntR~E3_binding,1
GntR,1
GntP_permease,1
Glyoxalase~Glyoxalase_6,1
Glyoxalase~Glyoxalase_4,1
Glyoxalase_6~Glyoxalase_4,1
COXG~Polyketide_cyc2~CGP_CTERM,1
Glycos_transf_2~glyco_like_mftF,1
Glycos_transf_2~glyco_TIGR04182,1
Glycos_transf_2~PgaC_IcaA,1
CSLREA_Nterm,1
Glyco_transf_4,1
Glyco_transf_22~DUF6080,1
Glyco_hydro_92N~Glyco_hydro_92~F5_F8_type_C,1
Glyco_hydro_6,1
Glyco_hydro_3~Glyco_hydro_3_C~Fn3-like,1
Glyco_hydro_38N~Alpha-mann_mid~Glyco_hydro_38C~Glyco_hydro38C2,1
GG-red-SF~Thi4,1
GG-red-SF~FAD_binding_2~Trp_halogenase,1
Cep57_CLD_2~YlqD~DUF1512,1
Fer4_9,1
FtsX~CDC48_2~lolCE,1
FtsJ,1
Flp1_like,1
FliG_C~VWA_CoxE,1
CbiK,1
Flavin_Reduct~pcaR_pcaU,1
FixQ,1
FimV_core,1
Fer4~flavo_MJ0208,1
Fer4~GOGAT_sm_gam~gltD_gamma_fam~Pyr_redox_2,1
Fer4~Fer4_13,1
Fer4_7~Fer4_2,1
Cadherin-like~VWA_CoxE,1
Fer4_7~Fer4,1
Fer4_6,1
Fer4_2~Fer4~RLI,1
CbtB,1
Fer4_19,1
Cellulase~CBM_2,1
Fer4_13~Fer4~Fer4_2~Fer4_6,1
Fer4_13~Fer4_6~Fer4~Fer4_2,1
Fer4_13~Fer4_6~Fer4_2~Fer4,1
Fer4_13~Fer4_2~Fer4_6~Fer4,1
Cellulase~Ricin_B_lectin,1
FtsX~PpiC_rel_mature,1
FtsX~lolCE,1
FxSxx-COOH~AAA_5~26Sp45,1
CbiE,1
GG-red-SF~COQ6,1
GG-red-SF~ANTAR,1
Carbam_trans_N~Carbam_trans_C,1
GCV_T~soxA,1
GCS2,1
GAF~proC~P5CR_dimer~SpoIIE~HATPase_c_2,1
Carboxyl_trans,1
GAF~PEP_resp_reg,1
GAF~HisKA_3,1
GAF~HTH_AsnC-type~propionate_PrpR~PEP_resp_reg,1
GAF~HTH_28~HAD-SF-IA-v3,1
GAF~GGDEF,1
GAF_2~PAS_4~SpoIIE~HATPase_c_2,1
GAF_2~LexA_DNA_bind~HTH_38~GerE,1
GAF_2~HisKA_3~HATPase_c_2,1
CarboxypepD_reg,1
GAF_2~HATPase_c,1
GAF_2~GAF~PaaX,1
CarboxypepD_reg~Alpha-amylase~trehalose_treC~Pullulanase_N2,1
GAF_2~ANTAR,1
Cation_efflux,1
GABAtrnsam,1
GABAperm,1
Condensation~AA-adenyl-dom~alpha_am_amid,1
DUF883_C,1
Guanylate_cyc,1
DUF2613,1
DUF3040~DUF3619,1
DUF302,1
DUF2889~VP_N-CPKC,1
DUF2889,1
DUF2871,1
DUF2804,1
DUF2749~DUF3040,1
DUF2749,1
DUF2723,1
DUF2680~Big_5~DUF5666,1
DUF262~DUF1524,1
DUF2461,1
Cutinase,1
DUF2437~FAA_hydrolase,1
DUF2382,1
DUF2339,1
Cupredoxin_1~Peptidase_M75,1
DUF2306~YvrJ,1
DUF2298~HisKA_3,1
DUF2264,1
DUF2254,1
DUF2249,1
DUF222~Trypan_PARP,1
DUF222~Tcp10_C,1
DUF3060,1
DUF3097,1
DUF3169,1
DUF3224,1
DUF4052,1
DUF4031~Peptidase_S66~Peptidase_S66C~DUF5073,1
DUF4031,1
DUF4010~Peptidase_M48,1
DUF4010,1
DUF3995,1
Cpta_toxin,1
DUF389,1
DUF3802,1
DUF3700,1
DUF362~aprB,1
Cpta_toxin~T2SSF,1
DUF3616,1
DUF35_N~OB_aCoA_assoc~AcCoA-C-Actrans,1
DUF35_N~Methyltransf_23,1
DUF3562,1
DUF3558~Sulfatase,1
DUF3556,1
DUF350,1
DUF3375,1
DUF3318,1
DUF3311,1
DUF3263,1
DUF222~NPR3~HNH,1
CxxCG_CxxCG_HTH~HTH_31~TPR_MalT~TPR_8,1
DUF412,1
DDE_Tnp_IS240~rve~rve_2,1
DPPIV_N~propeller_TolB,1
DOC_P1,1
DNA_alkylation~DivI1A_domain,1
DMRT5_DMB~Methyltransf_11,1
DJ-1_PfpI~Chorismate_bind~GATase,1
CyoC,1
DIOX_N~2OG-FeII_Oxy,1
CysD,1
DHDPS,1
DHAK_reg~TetR_C_8,1
DEAH_box_HrpB,1
DDE_Tnp_1,1
DUF218,1
DDE_5,1
DDE_3,1
CysN~APS_kinase,1
DAPG_hydrolase,1
CysN~YajC,1
DAHP_snth_FXD~DAHP_synth_Bsub,1
D1pyr5carbox2,1
Cyt_bd_oxida_II,1
D-ala-DACP-lig~AA-adenyl-dom~ligase_PEP_1~PP-binding~Condensation~alpha_am_amid~DHB_AMP_lig,1
D-ala-DACP-lig~AA-adenyl-dom~alpha_am_amid~Condensation~PP-binding~Thioesterase,1
D-ala-DACP-lig~AA-adenyl-dom~PP-binding~Condensation~alpha_am_amid~menE~Thioesterase,1
DUF1003,1
DUF1015,1
DUF1016_N,1
DUF1016_N~YhcG_C,1
DUF2162~SHOCT,1
DUF2071,1
DUF2063,1
DUF2020~Mycofactocin_RRE,1
DUF2000,1
DUF1990,1
DUF1989,1
DUF1963,1
DUF1931,1
DUF1810~VWA_CoxE,1
DUF1707~Defensin_big,1
CxxC_CxxC_SSSS~zf-HIT~zf-ribbon_3,1
DUF1656~ntrB,1
DUF1636,1
DUF1540,1
DUF1294~HisKA_3~HATPase_c_2,1
DUF1294,1
DUF1269,1
DUF1254,1
DUF1206,1
DUF1127~MarR_2,1
DUF11,1
CxxC_CxxC_SSSS~zf-ribbon_3~UPF0547~zf-C2H2~zinc_ribbon_2~Zn-ribbon_8,1
DUF4096,1
DUF4131~CwsA~Peptidase_M91~VWD~RGM_C,1
DUF87~TrwB_AAD_bind,1
DUF6262,1
DUF6328,1
DUF6326,1
DUF6325,1
DUF6319,1
DUF6307~DUF6261,1
DUF6307,1
DUF6300,1
DUF6290~HicB,1
DUF6287~GG_sam_targ_CFB~WWamide,1
DUF6272,1
DUF6264,1
DUF6245,1
DUF5995,1
DUF6228,1
DUF6223,1
DUF6214~AHSA1,1
DUF6207,1
DUF6204,1
DUF6203~T2SSF,1
DUF6082~GMC_mycofac_2~NAD_binding_8,1
DUF6063,1
DUF6033,1
DUF6013~TPR_9,1
DUF6003,1
DUF6338~DUF4293,1
DUF6343~DUF4307,1
DUF6345,1
Condensation~AA-adenyl-dom~alpha_am_amid~PP-binding~ligase_PEP_1~Thioesterase,1
DUF808,1
DUF805~TrbL,1
Condensation~AA-adenyl-dom~alpha_am_amid~PP-binding~DHB_AMP_lig~D-ala-DACP-lig~AMP-binding,1
DUF772,1
DUF742,1
DUF732~VWA_CoxE,1
DUF680,1
DUF6704~DUF4097,1
DUF6694~DUF3500,1
DUF6670,1
DUF6647~DnaJ,1
DUF6605,1
DUF6596~Sigma70_r4~Sigma70_r4_2~Sigma70_r2,1
DUF6550,1
DUF6541,1
DUF6507,1
DUF6480~DUF4402~DUF4097,1
DUF6480,1
DUF6459~DUF945,1
DUF6415,1
DUF6404,1
DUF6377~RskA,1
DUF6374~BioC~Methyltransf_11,1
DUF5996,1
DUF5994,1
DUF4131~DUF6459,1
DUF4236~Selenoprotein_S~DUF4111,1
DUF456~DUF3619,1
CorA,1
DUF4389,1
DUF4381~PE-PPE,1
DUF4352,1
DUF4347~VWA_CoxE,1
DUF429,1
DUF4286,1
DUF4254,1
DUF4244~MFS_1~DUF6082,1
Cornifin,1
DUF4231,1
DUF5990,1
DUF4194,1
DUF4187~NUDIX,1
DUF4185~BNR,1
DUF4166~PpsR-CrtJ~AAA_18~ntrC~HTH_8,1
DUF4149,1
DUF4142,1
DUF4134,1
DUF4133~SHOCT,1
DUF4133~Phage_holin_2_3~SHOCT,1
DUF4131~GGDEF~EAL,1
DUF4131~EAL,1
DUF4716,1
DUF4791~DUF3043~DUF3270,1
DUF4817~HTH_IclR~MarR~MarR_2,1
DUF485,1
DUF5988,1
DUF5933~PAP2_3,1
DUF5931~HisKA_3~HATPase_c,1
DUF58~DUF3572,1
DUF5849~DUF2561,1
CopG_antitoxin,1
DUF5826~PT-TG~SHOCT,1
DUF5826~DUF6611~SHOCT,1
DUF5826~DMAP_binding~SHOCT,1
DUF5693~EAL~ACT_7,1
DUF5671,1
DUF5655,1
DUF5654,1
DUF5606~CarboxypepD_reg,1
DUF5605,1
DUF5539,1
DUF5335,1
DUF533,1
DUF5325,1
DUF501,1
DUF4956,1
DUF4918,1
DUF4913,1
GroEL,1
CNNM~DUF6416~CorC_HlyC~CBS,1
Peptidase_U4,1
MoaF~MoaF_C,1
MutL,1
MtN3_slv,1
MscL,1
MsbA_rel,1
MsbA_lipidA,1
Mrr_N,1
MrpF_PhaF,1
MraZ,1
Mpo1-like,1
MoeA_N~moaB_proteo,1
ModE_repress,1
Mo_ABC_porter,1
Methyltransf_23~Methyltransf_12~Methyltransf_25,1
MoCoBD_2~LAL_C2~Sigma70_r4_2~MoCoBD_1,1
MoCoBD_2~LAL_C2~MoCoBD_1,1
AveC_like,1
MlaE,1
Mg_trans_NIPA,1
Methyltransf_3,1
Methyltransf_25~rib_alpha,1
Methyltransf_25~Methyltransf_11,1
Methyltransf_25~BchM-ChlM~Ubie_methyltran,1
AvrB_AvrC,1
Methyltransf_23~UbiG~Methyltransf_25~MenG_MenH_UbiE,1
AurF,1
Mycofactocin_RRE~PGF-CTERM,1
AtuA,1
NAD_binding_10~HpnA,1
NQR2_RnfD_RnfE~NAD_binding_1,1
NOT-MenG~mycofact_creat,1
NMT1~mRNA_decap_C,1
NMT1,1
NIF~FkbH,1
NHase_beta,1
NHL~SGL~Tcp10_C,1
NHL~SGL,1
NHLM_micro_ABC1,1
NHEJ_ligase_prk,1
NHEJ_ligase_lig,1
Atu4866,1
NDH_I_N,1
NDH_I_M~NDH_I_L~Proton_antipo_N,1
NDH_I_M,1
NAD_kinase~NAD_kinase_C,1
NAD_kinase,1
NAD_binding_9~NAD_binding_8,1
NAD_binding_8~Rv0697,1
NAD_binding_8~Pyr_redox_3,1
NAD_binding_8~MnmC_Cterm~Pyr_redox_3~lipoamide_DH,1
NAD_binding_8~HpnE~Pyr_redox_2,1
NAD_binding_2~NAD_binding_11,1
Methyltransf_23~Methyltransf_12~mycofact_glyco,1
AvrD,1
NS1_C~ADI~arcA,1
BPA~VWA_CoxE,1
MarR~Crp~HTH_1,1
MarR_2~cNMP_binding~HTH_Crp_2~GntR,1
MarR_2~Sulfolobus_pRN,1
MarR_2~HTH_24~TrmB,1
BLF1,1
BLOC1_2,1
Mannitol_dh~Mannitol_dh_C,1
MYXO-CTERM~PEP_exosort~HisKA_3,1
MTES_1575,1
MSMEG_4193,1
BPA,1
MOSC~3-alpha,1
Methyltransf_12~Methyltransf_25,1
MOSC_N,1
MNHE,1
MM_CoA_mutase~MeaB,1
BPD_transp_1~phosphate_pstC,1
MLTR_LBD~HTH_31,1
MLTR_LBD,1
MJ0042_CXXC~zinc_ribbon_5,1
MIP,1
MHB,1
MFS_1~protocat_beta~CarboxypepD_reg,1
MFS_1~SdrD_B~CarboxypepD_reg,1
MarR~GntR~padR_acidobact,1
MarR~LexA_DNA_bind~HTH_24,1
MarR~MarR_2,1
MarR~MarR_2~GntR,1
Methyltransf_12~Methyltransf_11,1
Methyltransf_12,1
Methyltransf_11~UPF0146~Ubie_methyltran,1
BAAT_C~Chlorophyllase2~PAF-AH_p_II,1
Methyltransf_11~Methyltransf_12,1
Methyltransf_11~DUF1127,1
BCCT,1
MethyltransfD12,1
Methylase_S,1
BD-FAE,1
Metallophos~NPCBM_assoc~NPCBM,1
Metal_hydrol~PA_CoA_Oxy5,1
Metal_hydrol,1
MetW~BioC~Methyltransf_11,1
MerR~mycofact_TetR,1
MerR~MerR-DNA-bind~HEAT_2,1
MerR_1~MerD,1
MerR_1~Guanylate_cyc,1
MerR_1~Glyoxalase~MerR,1
MerD,1
MelC1,1
BKACE,1
MatE,1
NRPS_term_dom,1
NTP_transf_2,1
MFS_1~LacY_symp,1
PQQ_3~PQQ~PQQ_2,1
PaaB1,1
P_acnes_RR,1
PTPS,1
PTE,1
PS_I_psaM~TetR_C_14~RskA,1
PS_I_psaM,1
PSD2~CDF,1
PRK~AAA_16~udk,1
PRK,1
PRAI,1
PQQ_ABC_repeats~SBP56,1
PQQ_2,1
PIG-P~GGDEF,1
PQ-loop~SPC12~MtN3_slv,1
PPE~PE-PPE,1
PPC,1
PP-binding~seco_metab_LLM,1
PP-binding~Condensation~AA-adenyl-dom~alpha_am_amid~Thioesterase,1
Alpha-amylase~treS_nterm,1
Alpha-amylase~trehalose_treC~Big_7,1
PMT_2~PMT_4TMC,1
PLDc_N,1
PKD_4,1
PIN_9,1
PaaB1~ECH_1,1
Alpha-amylase~branching_enzym~DUF5013,1
PaaD,1
Alkyl_sulf_C~SCP2,1
Peptidase_S8~ASH,1
Peptidase_S8,1
Peptidase_S66~Peptidase_S66C,1
Peptidase_S58,1
Peptidase_S15~PepX_C,1
Peptidase_S11,1
Peptidase_M73,1
Peptidase_M20,1
Peptidase_M19~F5_F8_type_C,1
Peptidase_M16_C~Propep_M14,1
Peptidase_M14~CBM_6,1
Peptidase_M14,1
Peptidase_C14~GroEL,1
Peptidase_A8,1
Pep_deformylase,1
PemK_toxin,1
ParA~OrfB_Zn_ribbon,1
ParA,1
Paired_CXXCH_1,1
PadR~padR_acidobact,1
PadR~Vir_act_alpha_C,1
PadR~PaaX,1
PaaX_trns_reg,1
Amidase_2,1
PIG-L~mycothiol_MshB,1
AsnC_trans_reg~HTH_Tnp_ISL3,1
NrfD,1
Oxidored-like,1
OsmC,1
AraC_binding~HTH_18,1
OrfB_IS605,1
OpuAC,1
OppC_N,1
OPT~Exosortase_EpsH,1
OPT,1
OH-pyruv-isom,1
OAFO_sf,1
Nterm_IS4~DDE_Tnp_1~DUF6374,1
NmrA,1
PHD_4~Rubredoxin~zf-C2H2,1
NifZ~TrkA_C,1
NifU,1
NicO~SfLAP,1
NicO,1
Ni_insertion,1
Ni_hydr_CYTB~DUF4405,1
NanE,1
Na_Pro_sym,1
NUDIX~NYN_YacP~mutt,1
NTPase_P4~Cupin_3,1
NTPase_1,1
Oxidored_q3,1
AraC_binding_2,1
Apolipoprotein~Glyco_hydro_25,1
P450_rel_GT_act~P450_cycloAA_1,1
PHB_DH,1
PHBC_N~PHA_synth_I,1
PHA_synth_I,1
PG_binding_4~YkuD,1
PGPGW,1
PGA_cap,1
PE~T7SS_ESX_EspC,1
PEPcase,1
PEP_synth~SHOCT,1
PEP_synth,1
PEP_his_kin~HATPase_c~phoR_proteo,1
PEP_his_kin,1
Androgen_recep,1
PDH_E1_alph_y~Transket_pyr~Transketolase_C,1
PDH_E1_alph_y,1
Ank_4~Ank_3,1
PA_CoA_Oxy4,1
PAS~GGDEF,1
PAS_4~GAF_2~SpoIIE~PAS~sensory_box,1
PAS_4~GAF_2~SpoIIE~HATPase_c_2,1
Cytochrom_C552,1
PAC2,1
PA-IIL,1
MFS_1~STI1,1
MFS_1~HpaX,1
GyrI-like,1
HTH_34~HTH_5,1
HTH_3~Peptidase_M78~ScfRs,1
HTH_3~HTH_31~TPR_MalT~TPR_19,1
HTH_3~HTH_31~Cupin_2,1
HTH_3~HTH_31,1
HTH_3~HTH_26~Utp14~HTH_31,1
HTH_3~HTH_19,1
HTH_3~DUF5753,1
CLP_protease,1
HTH_38~HTH_30,1
HTH_38~HTH_23~HTH_32,1
HTH_37~antidote_HigA,1
HTH_33~DDE_3,1
HTH_30~GGDEF_2,1
HTH_31~lon~NB-ARC~MarR_2~HTH_25~TPR_12,1
HTH_31~TniB~WD40~PD40,1
HTH_31~TPR_19~HTH_3,1
HTH_31~HTH_19,1
HTH_31~DUF5753,1
HTH_31~AAA_16~DnaA_homol_Hda~PQQ_ABC_repeats~WD40~Proteasome_A_N~PD40~Nbas_N,1
HTH_31~AAA_16~DnaA_homol_Hda~PQQ_ABC_repeats~WD40~PD40~choice_anch_B,1
HTH_31~AAA_16~ANAPC4_WD40~WD40~PD40,1
CLSTN_C,1
HTH_30~HTH_50~propionate_PrpR~PEP_resp_reg~AAA_22,1
HTH_30~HTH_50~Sigma54_activ_2~PEP_resp_reg~ntrC,1
HTH_3~TPR_19~TPR_MalT,1
HTH_3~TPR_MalT,1
HTH_3~TPR_MalT~HTH_31~TPR_8,1
HTH_5,1
HTH_AsnC-type~Sigma70_r4,1
HTH_AsnC-type~MarR~TrmB,1
CDF,1
HTH_AsnC-type~MarR~HTH_Tnp_ISL3,1
HTH_AsnC-type~MarR~HTH_24~Sigma70_r4,1
HTH_AsnC-type~MarR~HTH_11,1
HTH_AsnC-type~MarR~Fe_dep_repress~Sigma70_r4,1
HTH_AsnC-type~MarR_2~HTH_20,1
HTH_AsnC-type~HTH_Tnp_ISL3~TrmB~MarR~Fe_dep_repress~Sigma70_r4,1
CDP-OH_P_transf,1
HTH_AsnC-type~HTH_Tnp_ISL3~HTH_11~MarR~Sigma70_r4,1
CFAP61_N,1
HTH_AsnC-type~HTH_8~AsnC_trans_reg,1
HTH_AsnC-type~HTH_24~HTH_Tnp_ISL3~Sigma70_r4,1
HTH_AsnC-type~HTH_23,1
HTH_AsnC-type~HTH_11,1
HTH_AsnC-type~AsnC_trans_reg~MarR,1
HTH_AsnC-type~AsnC_trans_reg~HTH_11~MarR~Sigma70_r4,1
CHAD,1
HTH_AraC~HTH_18,1
HTH_8~HTH_23~FCD~PEP_resp_reg~ntrC,1
HTH_7~TetR_N,1
HTH_57,1
HTH_30~HTH_20~HTH_28~PEP_resp_reg~ntrC,1
HTH_29~TetR_N~TetR_C_11,1
CDC14~VWA_CoxE,1
HMA~ATPase-Plipid~ATPase-IB_hvy,1
HTH_20~GntR,1
CM_2,1
HTH_1~HTH_30~LysR_substrate,1
HTH_1~HTH_24~LysR_substrate,1
HTH_17~Xre-like-HTH~excise~MerR,1
HTH_17~TOBE~Mop,1
HTH_17~HTH_IclR,1
HTH_11~HTH_PafC~WYL,1
HTH_11~HTH_40~Sigma70_r4_2~HTH_23~GerE,1
HNH,1
HMA~YkpC~ATPase-IB_hvy,1
CM_mono_cladeE,1
HTH_28~TOBE~GGDEF_2~HTH_30,1
HEAT_2~HEAT,1
HD~Phn-HD,1
HD~GGDEF~HD_5,1
HCMV_UL124,1
CNNM~CBS,1
HATPase_c,1
HAD_type_II,1
HAD_2,1
HAD-SF-IB-hyp1~HAD,1
HAD-SF-IB-hyp1~AGP_acyltrn,1
HAD,1
HTH_20~HTH_17,1
HTH_20~HTH_24,1
HTH_20~HTH_28~HTH_5~HTH_24~MarR_2,1
HTH_20~HTH_5~HTH_27,1
HTH_28~PAS~nifA~PAS_4~propionate_PrpR,1
HTH_28~HTH_3,1
HTH_28~GAF~PAS_4~ntrC,1
HTH_28~GAF~HTH_30~propionate_PrpR,1
HTH_28~Cupin_2~HTH_18,1
HTH_26~pcaR_pcaU~HTH_AsnC-type~HTH_IclR,1
HTH_24~Response_reg~GerE,1
HTH_24~MarR~HTH_AsnC-type~HTH_23,1
HTH_24~HTH_Tnp_ISL3~TrmB~MarR~HTH_AsnC-type~Sigma70_r4,1
HTH_24~HTH_Tnp_ISL3~MarR~HTH_AsnC-type~Sigma70_r4,1
HTH_24~HTH_AsnC-type~HTH_29~HTH_28,1
HTH_24~HTH_20,1
HTH_24~HTH_11~MarR~HTH_AsnC-type~Sigma70_r4,1
HTH_23~sigma70-ECF,1
HTH_23~TetR_N~betaine_BetI,1
HTH_23~TetR_N~TetR_C_35,1
HTH_23~Sigma54_activ_2~PEP_resp_reg~AAA_22,1
HTH_23~Response_reg~GerE,1
HTH_23~PucR~HTH_AsnC-type~HTH_1~HTH_30~HTH_8,1
CMAS,1
HTH_23~HTH_38~rve~HTH_32,1
HTH_20~Sigma70_r4_2,1
CMAS~Methyltransf_11,1
HTH_AsnC-type~TetR_N~TetR_C_35,1
HTH_AsnC-type~rve~KORA,1
MFS_1~2A0118,1
BatA~VWA_2~MFS_1,1
LacI~TetR_N~TetR_C_15~mycofact_TetR,1
LacI~TetR_N~HTH_IclR~mycofact_TetR,1
LacI~TetR_N,1
LacAB_rpiB,1
LYTB~F420_MSMEG_4879,1
LRR19-TM,1
Bac_rhamnosid_N~Bac_rhamnosid~Bac_rhamnosid6H~Bac_rhamnosid_C,1
LPG_synthase_TM,1
LPAM_2~COesterase,1
LMWPc,1
Baseplate_J,1
L-ribulokinase,1
IOR_alpha~IOR_beta~DUF6537,1
Kinocilin,1
KfrA_N~VWA_CoxE,1
KR~RhaD_aldol-ADH~PP-binding~benzo_BadH,1
KR~PP-binding~Hydrolase_4~Thioesterase,1
KRTAP~mycofact_glyco,1
IstB_IS21,1
BchM-ChlM~Methyltransf_11,1
Inositol_P,1
Indigoidine_A,1
Imm2~VWA_CoxE,1
IclR,1
Bac_luciferase~LLM_DMSO2_sfnG,1
Lactate_perm,1
Lactonase,1
Laminin_G_2~3keto-disac_hyd~Bac_rhamnosid6H~Bac_rhamnosid_C,1
MFS_1~2A0114,1
Bac_DnaA_C,1
MC_hydratase,1
LytR_C,1
2-Hacid_dh_C~IlvN,1
LysR_substrate~HTH_20,1
Bac_globin,1
Bac_luciferase~F420_G6P_DH,1
LonB_AAA-LID~AAA_5~RuvB_N,1
LmeA,1
Lipocalin_2,1
Lipase_GDSL_2~HTH_31,1
Lipase_GDSL_2~HTH_21,1
Bac_luciferase~F420_Rv1855c~F420_Rv3093c~F420_MSMEG_2516~FAD_lactone_ox,1
Lipase_3,1
Lin0512_fam,1
LigXa_C,1
LigD_PE_dom~NHEJ_ligase_prk,1
Ldl_recept_b~ATP_bind_1,1
LcrH_SycD,1
LapA_dom~MCPsignal~HAMP,1
Laminin_II,1
Laminin_G_3,1
IU_nuc_hydro,1
INV_N~Glyco_tranf_2_5,1
HTH_Crp_2~HTH_IclR~DprA_WH~Fe_dep_repress,1
CD24~DUF3482,1
CBM_2,1
HisKA_3~GAF~HATPase_c_2,1
HisKA_3~GAF~HATPase_c,1
HisKA_3~GAF_3~GAF,1
HisKA_3~GAF_2~HATPase_c_2,1
CBS~BON,1
HisKA_3~GAF,1
CD20~NB-ARC~TPR_12~TPR_1,1
HicB~RHH_1,1
HicB~Arc,1
Hfq,1
He_PIG~Peptidase_M1,1
ING~VWA_CoxE,1
Hc1~Mycofactocin_RRE,1
Harakiri,1
HalX~VWA_CoxE,1
HTH_Tnp_ISL3,1
HTH_OrfB_IS605~Stc1~OrfB_IS605~OrfB_Zn_ribbon,1
HTH_IclR~ROK,1
HTH_IclR~IclR,1
HTH_IclR~Dimerisation,1
HTH_DeoR~DeoRC,1
HTH_Crp_2~HxlR,1
HTH_Crp_2~HTH_IclR~MarR,1
HisKA_3~HATPase_c_2~Kazal_3,1
HisKA_3~HSCB_C,1
HisKA_3~ORF_12_N~HATPase_c_2,1
HisKA_3~TGF_beta_GS,1
IMS~DNA_pol_lambd_f~IMS_C,1
IMPACT_YIGZ,1
ILVD_EDD,1
Hydrolase_4~OsmC,1
BenE,1
HxlR~Nudix_N_2,1
HxlR~MarR_2~HTH_AsnC-type,1
HxlR~MarR_2,1
HxlR~Alkyl_sulf_C,1
Beta_helix~beta_helix_1,1
Bgal_small_N~Glyco_hydro_2~Glyco_hydro_2_C~LacZ_4,1
HtaA,1
HsdM_N~N6_Mtase,1
HrpB_C~SHOCT,1
Big_3~VWA_CoxE,1
HpnN~MMPL,1
CATASP,1
HpaG-C-term,1
HpaE,1
HpaA,1
CBM60~DUF4925,1
HisKA_3~a_cpa1,1
HisKA_3~TmoB,1
PALP,1
